UUID,first_name,last_name,gender,age,email,phone
870fcb84-d4d2-43c5-9b37-3f59ce94ccf7,Kore,Walsom,Female,63,kwalsom0@ucoz.ru,959-956-3985
0b54334e-e169-485a-9c7a-7c57f4f1a8ee,Evan,Newland,Male,49,enewland1@nytimes.com,160-645-3873
ee5a7e0e-97ab-4829-8c0c-ee62ddbe9cb8,Cameron,Turone,Male,36,cturone2@theatlantic.com,801-509-4119
d1701292-c9c8-4b8a-a526-1ce45a3042a6,Garnette,Grier,Female,34,ggrier3@cdc.gov,438-747-3949
8673e956-5111-4cf5-8d15-569cd10447b7,Nadean,Ivashchenko,Female,79,nivashchenko4@ask.com,367-953-1728
d136c43a-f2ed-4cac-9540-8d55a7c6ac40,Pru,Hilling,Female,39,philling5@instagram.com,574-693-8279
10bd83a5-f2d8-47c0-b670-5d87d75792c9,Timotheus,Speechly,Male,66,tspeechly6@ibm.com,528-417-0881
037d48c3-c36b-41a1-8fe5-371a012bac2c,Erich,Leslie,Male,33,eleslie7@oaic.gov.au,876-107-9533
335b4424-8ea4-4f56-b52b-8489b9fae012,Christabel,Letch,Female,37,cletch8@yandex.ru,733-905-9322
6f4d243c-3027-41c3-ae2f-08d46a643d52,Larissa,Jahner,Female,24,ljahner9@cafepress.com,863-585-8048
b6687c0d-2b71-4a22-afb9-d4325b597dcf,Marlene,Archer,Female,78,marchera@jigsy.com,531-943-5499
a3dc3247-fd6a-4d66-9b1c-b21ec02abbef,Markus,Murfett,Male,78,mmurfettb@nba.com,429-438-0643
eb1b9794-54fd-4fa6-8166-865986f0b00f,Mathe,Blueman,Male,22,mbluemanc@china.com.cn,792-186-5428
0be189f7-9f26-43c5-813c-839790960290,Manya,Kunneke,Female,24,mkunneked@shinystat.com,805-853-0589
2656e6cc-403c-4d82-8bf0-029228c011ca,Brnaby,Wroath,Male,22,bwroathe@blogger.com,667-411-2642
e0b6a0db-ca26-475b-9d90-c9948a67f39c,Terza,Tweedlie,Female,51,ttweedlief@nyu.edu,366-730-7890
4ba4a1bd-9a63-4a90-a4f9-f9171c0971a5,Kimmi,Patient,Female,63,kpatientg@opensource.org,208-128-2639
a1ca2daa-c384-4207-a072-044dec279c89,Jerrine,Vasey,Female,71,jvaseyh@wordpress.org,442-678-9807
8a6db33f-22d0-4bb7-8e93-6146eb74fdb7,Milt,Giamuzzo,Male,26,mgiamuzzoi@dmoz.org,803-383-2073
710469f5-52e4-4f56-8212-4af73bcc77e7,Arron,Delagua,Genderqueer,73,adelaguaj@discuz.net,342-207-8842
fdf871c6-f48c-4d9b-aa9c-8fd09a2589f8,Cora,Luc,Female,59,cluck@boston.com,411-775-7630
20881415-450b-4e65-9b11-e6ad662ddfe6,Aguste,Costigan,Male,76,acostiganl@storify.com,767-778-1437
b7116ee1-101c-4833-9720-c05566bb2b84,Kira,Yaxley,Female,25,kyaxleym@java.com,343-682-9208
0cc85d1b-93ab-4508-971d-ac57bf5b92a9,Elwira,Dellenty,Female,57,edellentyn@state.gov,501-967-4145
05be6cf3-6c3f-4e72-af4d-a51cf6448a8a,Brooks,Emson,Male,73,bemsono@is.gd,510-136-1233
c7de8ac9-3f0a-4e36-9cb9-34bb584100fa,Eleanore,Shoard,Female,71,eshoardp@newsvine.com,310-217-1664
857fafcc-1b84-4ace-a61c-0cf0de12e827,Rosalie,Hearnaman,Female,18,rhearnamanq@wix.com,515-698-7152
05e2fca1-f7cd-488c-a63b-c52f7df2732f,Marijn,Karlik,Male,70,mkarlikr@drupal.org,133-278-7669
4ed509ca-4083-469d-9cbe-47bba4767e90,Freddy,Silbert,Female,59,fsilberts@house.gov,519-142-4863
6cb0b22b-2204-4e27-be9b-69c5a6de9195,Patience,Bras,Agender,28,pbrast@github.com,104-360-9108
374ac052-2ed3-42d0-b85d-99992db16caa,Stephanie,Curl,Female,28,scurlu@jimdo.com,291-423-7871
d0996402-01b5-4bdc-b072-02a6d156c9dd,Calvin,Simioni,Male,56,csimioniv@last.fm,583-358-3324
a510cb10-80fd-4153-bbc7-21202700e18f,Dennet,De Roeck,Male,28,dderoeckw@typepad.com,592-320-7709
775d0b07-6403-45dd-9f0a-2f2a76bf590d,Rogers,Lilion,Non-binary,42,rlilionx@tripadvisor.com,321-153-4654
8fa9b25f-8843-42d8-a284-8596340377dd,Cordell,Asals,Male,56,casalsy@prnewswire.com,310-591-9651
8b27889c-ed2b-44a5-96c1-bd2cedd54912,Odetta,Lampaert,Female,73,olampaertz@economist.com,120-456-6806
1c74bd48-70c1-4031-81dd-d857e1d57475,Ira,Trew,Male,41,itrew10@slate.com,751-855-9311
29632f05-543e-419b-87c5-df50ab0d0cc2,Dora,Tchir,Genderfluid,31,dtchir11@mapy.cz,227-780-7299
098714c5-a223-47b0-8e39-3b90ed91554e,Nicolette,Allard,Female,33,nallard12@google.ru,105-964-6767
94d7035f-3a86-45f5-9c85-a2a6ae7bfb06,Hillyer,Fielders,Male,18,hfielders13@bbc.co.uk,335-230-2391
3aedd3e9-a99f-433a-817b-e1742a55ccff,Beitris,Winman,Female,64,bwinman14@independent.co.uk,112-226-3977
c0150c35-969d-4044-8f5c-79a688f068d4,Gabie,Maddern,Male,49,gmaddern15@sbwire.com,646-614-4801
945d9daa-11c1-4959-a571-75069704b3df,Wang,Weekes,Male,30,wweekes16@amazonaws.com,271-877-7990
b323bc19-13b5-4e41-b587-d1a6202fa4d4,Veronike,Josefer,Female,63,vjosefer17@youtube.com,510-989-3361
a2d7a284-1b2b-4466-a4fe-635fbfeab392,Gwendolin,Yeskin,Female,45,gyeskin18@google.com.hk,449-207-2401
afb7f6f3-5e93-4122-920c-8bc3bc7ae337,Waldo,Hoffner,Male,29,whoffner19@tinypic.com,644-209-3889
57998969-a114-43d7-9871-26cef708ffb6,Stearn,Fiske,Male,60,sfiske1a@purevolume.com,589-598-4176
c9022eb3-e090-4291-9ca3-eb888ee0fae8,Liz,Forryan,Female,23,lforryan1b@theglobeandmail.com,624-883-6862
e131072a-7a4e-4d94-82cf-3dabc6c3490f,Tremaine,Huebner,Male,80,thuebner1c@icio.us,619-298-8508
0a631f0a-9e16-47e8-8cf9-b07f5cf05fc6,Shelby,Besantie,Bigender,37,sbesantie1d@1688.com,557-379-9580
edd8603f-bf78-463b-af36-d57b2a4a2bdf,Flore,Brassill,Female,78,fbrassill1e@ehow.com,645-723-6712
e428221c-de1a-4679-ab18-b90cbe031274,Isabel,Noades,Female,25,inoades1f@comsenz.com,706-651-3379
49a9de8f-3bbb-4685-9998-2d3957782c61,Rebe,Cribbin,Female,40,rcribbin1g@facebook.com,520-142-2004
e0e196c0-6ea7-4782-b58b-0ce7a8d6e669,Emmalynn,Emberton,Female,21,eemberton1h@bing.com,144-388-3760
c6b39a37-321f-40b7-82bd-4db7abdddd15,Estrellita,Theobalds,Female,76,etheobalds1i@example.com,142-357-0721
55a76856-7538-47ff-a5d1-ab28493675cd,Alister,Le land,Male,68,aleland1j@ibm.com,890-253-6531
ad583ec8-f4d8-4925-9c6f-6694f6bb11f2,Willow,MacCaughan,Female,75,wmaccaughan1k@amazon.co.jp,543-674-5083
b46b992a-ce48-46d5-ad5f-c29e597ca43e,Claudio,MacAloren,Male,43,cmacaloren1l@webs.com,412-312-6855
0b48cfe7-8ba0-4387-87b9-0eea8ad8d534,Stefan,Leggate,Male,20,sleggate1m@uol.com.br,285-761-7866
93e52d67-d2df-479a-81d6-7dc678ec0e43,Jenilee,Jelk,Female,54,jjelk1n@ibm.com,198-604-8823
7bf13c5c-a838-4bb7-9818-dcace7747f3d,Kayla,Gleasane,Female,46,kgleasane1o@google.fr,267-900-9026
8ae06f4f-3fc7-4f09-8f1b-16b15a9cd49d,Vernen,Zanioletti,Male,34,vzanioletti1p@nps.gov,709-259-3419
cc0739f8-1343-4372-a20f-4d70de694ce8,Casey,Healing,Female,76,chealing1q@ustream.tv,588-762-3704
8b5b649a-eacb-46fc-9f1d-d5cc8c90a2f5,Correna,Pinnocke,Agender,49,cpinnocke1r@flavors.me,873-838-8644
aa3bfcbb-d76d-41ab-925c-162701a8794a,Rowland,Brasse,Male,30,rbrasse1s@accuweather.com,480-221-2562
c70b6677-dda9-4c9c-8e42-c9c3d8f4251c,Jocelyn,Plascott,Female,67,jplascott1t@cpanel.net,587-227-5314
2d0eea2e-7f87-4f05-92b3-5ea1c5a4e1c0,Benjamen,Landell,Male,56,blandell1u@kickstarter.com,631-885-0428
a632ee4a-1233-451a-8aba-fae41e4500af,Hedy,McGinley,Female,58,hmcginley1v@homestead.com,342-851-3354
ae9a1e45-8c68-4622-aab6-87fb29c822d2,Maxim,Lotherington,Male,75,mlotherington1w@mozilla.com,345-245-9601
351dfbd0-6b12-46ff-82f8-fb6c06efbe51,Jory,Bleier,Male,39,jbleier1x@sohu.com,623-622-9783
caf18c61-752c-4ad2-8bf6-f5000540f25d,Ashby,Jeste,Genderqueer,52,ajeste1y@netscape.com,263-813-8054
2d628c0a-926f-4f89-8993-9a0d26ad8872,Candie,Rhymes,Female,37,crhymes1z@twitter.com,827-614-8123
6f114b58-7872-4fdc-9fd2-a3ac4df9c02e,Alonzo,Tomasi,Male,62,atomasi20@symantec.com,259-252-1124
cec29bb5-7291-4cb0-9bc7-e691163c9880,Salem,Baxandall,Male,75,sbaxandall21@shutterfly.com,192-594-7863
bdaa2e71-bb29-4a76-a95a-e38a8913aa56,Joleen,McGahey,Female,23,jmcgahey22@google.ca,675-411-8835
00617e96-56bc-4bb1-b1cc-bb56a4ee3ea1,Killian,Milner,Male,29,kmilner23@ucoz.com,310-634-4110
0576ea50-a17e-4d18-b289-bd4c533cdca7,Tomas,Jephson,Male,33,tjephson24@weebly.com,637-147-8700
9969d567-41b6-441a-8bd3-3cd5901d0b1d,Meredeth,Shovlin,Agender,48,mshovlin25@nhs.uk,887-905-1524
a88ff185-af38-4c60-a44e-ad3c0c22f348,Broddy,Phuprate,Male,65,bphuprate26@walmart.com,807-875-9357
72cfb71b-22a1-4f08-92c0-9c121e81c22b,Lyndel,Freyn,Female,71,lfreyn27@wikispaces.com,513-526-7917
c39d5c40-510d-4bff-a0a7-5b0446591fa2,Berti,Angrove,Male,70,bangrove28@fda.gov,956-330-2568
5eb0d4ec-cab1-4393-ad3b-ddfa53c7088b,Ramona,Chave,Female,80,rchave29@sbwire.com,394-526-6221
40256166-49ca-4b1b-bc25-b074d35c6528,Lanae,Hendriks,Female,46,lhendriks2a@latimes.com,103-125-3775
15d8adac-360a-46d2-a9fd-c0fa5a8d1de9,Edin,Sillars,Female,31,esillars2b@topsy.com,291-276-8364
d42681de-2e47-40cd-9947-29603884bdd1,Fanny,Diament,Genderqueer,54,fdiament2c@themeforest.net,616-115-8365
2b1758cb-6f6c-4aa9-83a1-ba502712f56a,Berni,Dutton,Female,39,bdutton2d@amazon.com,818-632-3678
d5ca81e1-af55-4c96-8cf8-63c7726b8ad1,Hugh,Rigney,Male,68,hrigney2e@hugedomains.com,628-141-8457
3d80fda8-e85f-4928-869f-20eea93d5d23,Barty,Compston,Male,70,bcompston2f@tripadvisor.com,449-979-8726
1b0abd2f-2b0a-40fd-8a99-97f2074c8c76,Klarrisa,Dray,Female,72,kdray2g@princeton.edu,566-384-8165
d3d92caa-676e-4dda-8961-1f7e7598268b,Lucie,Linturn,Female,21,llinturn2h@va.gov,563-670-9193
2fdc5ba1-0552-4f3e-866d-e31bb56b7b05,Adriena,Jantel,Female,45,ajantel2i@merriam-webster.com,888-919-5502
6283bea8-fe24-4a09-8c6e-d0f8bb543e36,Maryann,Matthias,Female,21,mmatthias2j@foxnews.com,390-150-9685
7b1844b0-6dd1-4b1a-946d-a27a718d0c6d,Audrie,Plum,Female,32,aplum2k@hexun.com,316-499-5917
2ce7a052-8a75-4dd1-8d4e-4ee04f3a9718,Gerianne,Dorant,Female,28,gdorant2l@netlog.com,103-787-0127
9159d41c-8176-4dc0-bb73-6efc349a4da0,Felizio,Jenckes,Male,57,fjenckes2m@hibu.com,805-802-5704
bbc9960b-c2ac-4d85-ba6d-95d029504ca9,Winnifred,Skill,Female,64,wskill2n@slashdot.org,396-169-7049
f0f9c9e4-7058-4fc3-8f12-d44d2b312bfc,Averil,Papworth,Polygender,77,apapworth2o@foxnews.com,842-521-9879
b47dea9f-71a7-4c47-bee4-4923ad56e0b2,Christophorus,Height,Male,47,cheight2p@hubpages.com,243-227-4850
b08c27e3-8738-497a-baf9-41f6e80ea2b6,Windham,Scantlebury,Male,51,wscantlebury2q@paypal.com,463-368-4733
2b782c96-ba12-4be6-b04d-cf0001c37352,Angelita,Attlee,Female,76,aattlee2r@cnbc.com,835-899-6194
02cedfb4-b198-49c6-bb07-52f31df9b037,Amandi,Giaomozzo,Female,53,agiaomozzo2s@joomla.org,987-836-2519
790417e6-5408-4357-889f-9cae2a892dc8,Pepito,Sumshon,Male,45,psumshon2t@pcworld.com,808-102-8661
d7e56c4a-8608-47f2-9edc-461550e80acd,Shauna,Railton,Female,55,srailton2u@auda.org.au,634-656-3950
a56e84a5-84bc-4dca-925c-0bcc6749930a,Cordie,Crunden,Male,72,ccrunden2v@icq.com,825-761-8475
119c530b-10d4-4b39-8d41-f79e779b9507,Imojean,Garahan,Female,25,igarahan2w@cnet.com,335-891-9601
3134811d-86b6-4a6d-b9a0-5684f617f5d9,Meir,Cominetti,Agender,69,mcominetti2x@scribd.com,546-706-7701
d12c4266-65ca-45f2-99eb-3671d01e5113,Ilene,Devereu,Female,71,idevereu2y@theatlantic.com,611-477-8056
6f2ebc5e-8d0f-4ece-8385-568865c939bb,Tandi,Matt,Polygender,50,tmatt2z@arizona.edu,423-116-1005
8b7c43fd-1ae1-4f94-9ae5-ba316b3965f1,Graeme,Aleevy,Male,39,galeevy30@sitemeter.com,139-636-7666
374c5c04-91c4-41b0-9254-b585597a8ad6,Peyter,Persicke,Male,18,ppersicke31@webnode.com,718-680-4436
956fc4e6-27a4-46a0-b9e2-e620d3590804,Ginnie,Pedican,Female,71,gpedican32@msn.com,959-477-0524
36d82184-9be9-4c3e-b282-3e0afcdfc9f1,Nehemiah,Falcus,Genderqueer,79,nfalcus33@multiply.com,894-177-3574
1ffc205e-92f9-4ef5-b23e-6f0aded87e94,Fax,Maxstead,Male,42,fmaxstead34@yandex.ru,110-621-8176
1a1854c7-b85b-42fb-8b40-92bd7efd4fa1,Richy,Juris,Male,41,rjuris35@elegantthemes.com,882-670-5499
362aed8b-8414-4794-8c62-a4dc6dc487dc,Delora,Radclyffe,Female,55,dradclyffe36@alexa.com,711-992-1128
9c0802c0-f097-44db-932e-1dfc9beaf70e,Wells,Oleksiak,Male,22,woleksiak37@wp.com,890-247-3623
2a947d0d-aaad-4316-b2f8-e26f5033339a,Ange,Showalter,Female,23,ashowalter38@cargocollective.com,682-629-3995
49da8451-572e-4473-9725-53ed6d67b10f,Mychal,Brixey,Male,54,mbrixey39@ucla.edu,201-371-6707
a2b28509-bc4d-4a64-9196-e574e897ad83,Hermia,Skeleton,Genderfluid,30,hskeleton3a@huffingtonpost.com,891-392-7413
2fcc3c11-db39-4784-8333-eed4a5c91ca0,Melloney,Ruslen,Female,58,mruslen3b@biglobe.ne.jp,672-274-8354
0f8beb8a-0ce7-4fde-8248-3711d5e22c59,Bevin,Marchbank,Male,18,bmarchbank3c@addthis.com,533-501-5432
08f8d916-0b4a-4ca5-b7f1-e58f839746cb,Ailee,Emblow,Female,34,aemblow3d@jalbum.net,817-992-6977
148dbf00-d5cd-4f81-817e-70e2cb34bf52,Kitty,Rollings,Female,30,krollings3e@1und1.de,990-854-9469
ecafb9be-cdd6-4812-bb13-8236d8b14e21,Leo,Scollick,Male,54,lscollick3f@trellian.com,513-233-7366
03f48cfa-83c1-45bd-8985-df2e25983b05,Olenka,Blackney,Female,45,oblackney3g@creativecommons.org,688-975-3886
1a9ae8f6-7c7c-4d13-a663-bc7e569735b9,Harriott,Ravenscroftt,Female,39,hravenscroftt3h@google.com.au,422-230-0566
ef9050e6-5da7-4962-93ed-edd91f36b78c,Gib,Capel,Male,66,gcapel3i@cnet.com,172-708-6187
9da6b583-5943-4925-bbba-9811ef64ec88,Shannah,Pickrill,Bigender,62,spickrill3j@baidu.com,754-650-0749
b007c6e0-5f6a-4624-a400-f618b2f2e7a8,Hannis,Franc,Female,46,hfranc3k@themeforest.net,585-158-6267
e95a7fbb-b805-463e-8b05-19d053b5fa35,Janey,MacMaster,Female,62,jmacmaster3l@furl.net,284-779-7898
5ba95005-ffda-432c-9140-c907163cf914,Aldrich,Wooster,Male,39,awooster3m@walmart.com,286-799-7736
f2137448-c378-4d11-8092-2ca18c6caa6f,Josephina,Wethered,Female,61,jwethered3n@youku.com,797-156-6217
cdb7c057-c017-4e68-9451-755f5f58aa33,Pascal,Nisuis,Male,53,pnisuis3o@clickbank.net,337-456-9442
1dd06389-3205-4be3-9bee-9bc9aeb75ea0,Minta,Tregale,Female,18,mtregale3p@home.pl,211-687-8055
a9ff3f82-4efa-46bf-a984-eeabbf6bc680,Wilmer,Durward,Male,30,wdurward3q@blogspot.com,906-195-7486
c1b34f44-f105-41ab-9959-b7853a83ad6d,Sephira,McPhilemy,Female,30,smcphilemy3r@over-blog.com,883-388-2255
464e6aab-e87f-4aea-b3f2-2386e5593932,Jillane,Jaques,Female,34,jjaques3s@networksolutions.com,839-314-8275
3abb974a-7e69-40a3-8250-9baa05608013,Helen,Davidovic,Female,70,hdavidovic3t@hostgator.com,174-863-6972
4a3838db-5a41-4c8b-9950-edf1c9b1bc38,Kirby,McWilliams,Female,26,kmcwilliams3u@microsoft.com,344-958-6248
6f58b989-6309-49fb-b818-ce634684ea4a,Andie,Beccero,Male,53,abeccero3v@amazon.co.jp,717-147-2175
e963a8f9-2fe4-4409-aec0-d636d886d953,Bjorn,Whiten,Male,38,bwhiten3w@imageshack.us,569-511-1647
9eda03cb-c85a-42c7-b88c-358453ad47da,Lucretia,Kubis,Non-binary,36,lkubis3x@facebook.com,252-604-5736
78932700-cf8e-4ea0-a967-f0fd38093671,Lynett,Arendsen,Female,18,larendsen3y@cocolog-nifty.com,288-987-8032
7f235659-0b5e-4cc0-b519-4c49a344932b,Madge,Goley,Female,42,mgoley3z@seesaa.net,500-371-1748
715997ed-c386-46bc-8048-9e4eab276268,Cort,Hawgood,Male,77,chawgood40@g.co,367-270-6046
33b243b1-8b05-4ad6-b148-16f2e4a768ca,Murdoch,Bricksey,Male,18,mbricksey41@ezinearticles.com,992-802-5588
68bc1ee1-6e9c-43b7-bfa3-ff0fe5ce0d3f,Sigfried,Roussell,Male,37,sroussell42@tamu.edu,739-602-1514
3ca1550d-043c-4c2c-9893-dd812688083f,Herbert,Futter,Male,23,hfutter43@sciencedaily.com,568-609-1211
8a7b93f0-d8c3-44cd-92d7-679d3bf5a038,George,Mulrean,Polygender,47,gmulrean44@redcross.org,535-637-1391
50a28bf0-7cc1-4e4c-9867-9103b96dcdc2,Baron,Sloy,Male,29,bsloy45@liveinternet.ru,908-676-3578
71e93877-8a0a-4ea2-8bad-08aff414dc5d,Jean,Hext,Female,53,jhext46@digg.com,996-904-0421
85eb2c4b-9273-4c9e-89de-866011b35232,Roscoe,Trotman,Male,30,rtrotman47@squidoo.com,851-551-1494
8c638453-b23a-45f4-9c46-f865d6287697,Hewet,Guerre,Male,58,hguerre48@about.me,505-500-0480
2238f9e0-e5ba-41b9-94b0-c441afd342af,Brnaba,Antill,Male,33,bantill49@google.com,959-423-9483
727dcb6a-ce52-49f0-8ce1-92f4e4b0e592,Ninnetta,Lowndes,Female,28,nlowndes4a@adobe.com,595-788-4991
d48dafc9-7c63-4ecf-9ace-d1bf9c646fbf,Verne,Tuma,Male,32,vtuma4b@usa.gov,559-561-2424
925eedd4-837c-440a-b7c5-c31dd1301346,Malvina,Viles,Female,27,mviles4c@free.fr,100-586-3560
ef42e0f9-b43e-462d-b2a2-ac5330509d7f,Bernadette,Hanssmann,Female,79,bhanssmann4d@lycos.com,190-461-0484
0270a98b-6277-45cb-a7ad-3ebe4b704248,Lane,Doyley,Male,40,ldoyley4e@europa.eu,542-304-5190
b06dc667-7d7b-4f7f-8bc5-2aef88e206a3,Ky,Schuler,Male,18,kschuler4f@cnbc.com,984-377-3413
ae80a9e8-fb26-477f-887c-4fb2ae6bfd2b,Emlyn,Hutchason,Female,24,ehutchason4g@weather.com,112-202-3418
8548d744-dea1-41b0-b92c-4d8769c0063e,Aubrey,Saurin,Male,48,asaurin4h@narod.ru,437-621-5180
6aae956f-05d4-4633-9ba2-d13f19c3dc0c,Solly,Cochet,Genderqueer,41,scochet4i@booking.com,490-552-3280
41bdfb34-f990-4d9b-ac07-632c1fce8f61,Galvan,Bruford,Male,78,gbruford4j@virginia.edu,933-503-0352
4ece150f-47ec-4986-a320-332edb5859f1,Brooke,Mangam,Female,77,bmangam4k@google.pl,566-158-8322
7c4fb990-d709-4c2c-b276-cda08663ea1b,Mora,Ferrer,Female,53,mferrer4l@economist.com,896-824-9550
68943f48-1741-4ced-b74c-ac7c063bcd2f,Aylmer,Jimeno,Male,18,ajimeno4m@flickr.com,657-659-6147
f15bdd3b-6b5c-4c63-91ba-32fca9c43684,Kristos,Bard,Male,24,kbard4n@census.gov,937-557-7923
9df99256-0e64-4c0c-a063-ef344ae7282c,Johann,Switsur,Male,39,jswitsur4o@businesswire.com,151-496-2049
49fc4630-8f8e-4e01-8556-6539dcff8924,Gwenni,Lavington,Female,28,glavington4p@discuz.net,303-293-9738
792645d2-f7b7-4020-bf9f-7efa3841b635,Elladine,Leaburn,Female,32,eleaburn4q@skype.com,960-939-9038
f25a839f-0b44-4b61-8002-652cf6469a2a,Tim,Benettini,Female,40,tbenettini4r@ucsd.edu,453-869-1084
2c52bb73-9fad-42f4-aa86-134e44127e61,Adina,Sellman,Female,31,asellman4s@g.co,860-395-0360
f1463c75-7aa4-4fc1-9177-f137343574e6,Des,Morrall,Male,79,dmorrall4t@wordpress.com,102-148-3478
709390df-bd6e-40e6-8975-15026be106c4,Maryanna,Kilfedder,Female,62,mkilfedder4u@people.com.cn,270-621-7393
a874c094-6cfd-4a02-b82a-7efd5aa81d85,Aprilette,Sandeman,Female,78,asandeman4v@domainmarket.com,802-515-5157
94a32fcc-31e7-43e7-a9ef-d71aed48d868,Jenine,Ausher,Female,27,jausher4w@irs.gov,878-711-9297
ab4672e7-6c79-4f50-91f2-a21a4c46f997,Delmar,Bullingham,Male,38,dbullingham4x@apple.com,961-913-0338
26b502fc-c77b-47aa-bc08-3cdadd4ad33b,Alexandrina,Zanassi,Female,58,azanassi4y@bloomberg.com,776-491-3033
8fb50a75-42c6-4d89-bb13-2b4f45f4f8b3,Devina,Jobbing,Female,58,djobbing4z@amazon.co.jp,229-468-0295
6e1aa964-910e-4a3a-9b86-74623040b3ab,Antony,Gowman,Male,68,agowman50@oakley.com,478-192-9569
38674d76-905a-46bd-b7ab-6f6d043454da,Donella,Rehn,Female,49,drehn51@narod.ru,650-912-7093
2be5a6af-a11c-4956-8c4f-07c61070d16d,Yvette,Planks,Female,53,yplanks52@nasa.gov,320-648-5537
9931f14d-f491-45d9-a68b-2a1a4b97f10e,Ronnica,Jakeman,Female,67,rjakeman53@uol.com.br,122-320-3188
7345d816-e61a-404f-a97e-73015e12a0cd,Mariana,Adolfson,Polygender,68,madolfson54@go.com,185-504-9158
26056613-fd9f-40a9-9862-fbb31ad59f95,Ashbey,Melville,Male,60,amelville55@sciencedaily.com,589-926-0893
52663e49-ddf0-4b15-9d0d-9231bac2d872,Aloise,Penson,Female,28,apenson56@google.com.au,348-283-0414
d74d910b-becc-4e89-9a79-effc05d0ef77,Lexi,Vanshin,Female,74,lvanshin57@senate.gov,141-882-2915
98c10ace-5bef-40c4-ad48-54adebefe8c7,Con,Merrgan,Female,76,cmerrgan58@google.de,983-809-2766
93e627e7-7f5e-4497-ab97-99e9d18ad3b2,Dael,Norrie,Male,20,dnorrie59@163.com,271-911-5531
db9286b0-535a-4a26-8c40-5fbc4c2432fa,Annnora,Ashtonhurst,Female,29,aashtonhurst5a@yahoo.com,567-191-4139
238c0753-34c2-4661-977c-0d7881ea3062,Kyle,Boomes,Male,55,kboomes5b@wordpress.com,175-138-3693
bd57c10d-3aac-44bb-9e34-b4a1c854a103,Milena,Keady,Female,74,mkeady5c@typepad.com,999-361-9801
6d493ee7-0006-4575-8cb2-8b0570d303f2,Ave,Bunning,Male,48,abunning5d@imgur.com,430-688-9976
07aad262-29e6-4e28-a0c7-50ffdfe7e5de,Hilary,Terese,Female,30,hterese5e@nydailynews.com,125-260-9721
fc0f9f88-95d9-4bc4-9292-85831ba4d2d5,Harris,Wagerfield,Male,35,hwagerfield5f@nature.com,923-469-1687
70bfd85e-fc43-424f-8be2-30da7963428c,Maryjane,Fearby,Female,59,mfearby5g@quantcast.com,432-136-1309
24121fab-ac05-426b-9062-c137c1c35203,Clarine,Carwithen,Female,32,ccarwithen5h@slate.com,147-783-6817
ca0b9f13-fa7e-4d8b-b534-c9003fe2159f,Heidie,Wimmers,Female,20,hwimmers5i@last.fm,900-568-4352
b0d6beab-bd60-4cc9-b411-c6bdb67cbf0c,Nydia,Yarker,Female,77,nyarker5j@bandcamp.com,135-723-0812
6ba121d3-272e-4eb2-a530-63f991c08c4c,Harp,McGriele,Male,70,hmcgriele5k@cbc.ca,166-851-0446
a9201f3d-e6fb-4755-8227-e8b85c5efb45,Dame,Petroulis,Male,21,dpetroulis5l@nba.com,118-304-3348
45acefc4-9d48-4743-8161-32ae48f6a706,Regan,Vreede,Genderfluid,40,rvreede5m@buzzfeed.com,255-501-8850
04eca84b-37c3-4307-ba57-956b35f886b2,Libbi,Addenbrooke,Female,47,laddenbrooke5n@craigslist.org,645-148-5235
695d8caf-1433-4300-94f1-396ab01671da,Tully,Lamball,Male,63,tlamball5o@ask.com,512-591-4765
3b141bb4-f1aa-4477-8e60-934df6a809c1,Garrik,Karlowicz,Male,25,gkarlowicz5p@naver.com,158-123-0284
0c9c472d-4071-46fc-bed4-31509652986b,Romonda,Stubbs,Female,19,rstubbs5q@yahoo.co.jp,823-743-6512
2b904f06-7419-406d-bdf1-19fa95b06bc1,Shirline,Rosenbush,Female,33,srosenbush5r@nps.gov,667-153-0896
7000dbe4-5d2a-4a74-b4f6-9f21dda97e4b,Ingaberg,Veel,Female,54,iveel5s@jugem.jp,987-937-8257
3a544289-acc0-468f-9635-0f42863bc016,Kelsey,MacCaughan,Bigender,38,kmaccaughan5t@pen.io,775-153-8487
8dcdfe87-ae9b-4b6a-abbc-70c51d0b1ee0,Kordula,Prose,Female,58,kprose5u@google.co.jp,729-256-7583
13b58732-27f0-4407-b3d0-196c026c2c0d,Freeland,Parsonson,Male,72,fparsonson5v@xrea.com,803-941-2586
e6c1496a-8169-4e11-a4ba-e0a7931d2a86,Evelyn,Cumbridge,Polygender,33,ecumbridge5w@sbwire.com,731-633-1297
28c2f96b-8d05-4512-a0e7-da129a01b177,Nancey,Cross,Female,49,ncross5x@dailymotion.com,802-887-8930
ace2b672-97a9-4090-985c-87e807b0af33,Alvin,Adney,Male,40,aadney5y@time.com,177-246-2020
5cc17085-4488-425a-b3a9-18b091759e4f,Caesar,Georgeot,Male,31,cgeorgeot5z@ovh.net,903-939-9980
634af45c-232e-403c-96fa-15597eac68f0,Georges,Moreinu,Male,28,gmoreinu60@unesco.org,943-406-9773
f92181ad-cb6d-4965-81de-bd383f3e6745,Gaston,Fader,Male,45,gfader61@xrea.com,671-917-4891
d1788084-6f65-40e2-aa2c-62e02c350d8e,Kessiah,Wadeson,Female,23,kwadeson62@latimes.com,872-869-2156
4b3302d6-f31b-4791-acfd-e0f140e52d2e,Cloe,Gamage,Female,41,cgamage63@flickr.com,130-478-2478
dbf8ee7c-4f2e-440b-b323-b2941f4438cc,Elbert,Rainsbury,Male,43,erainsbury64@is.gd,534-514-0364
6029632d-1f4b-4d0a-b7c9-c91d3ebc7256,Frasier,Quartermain,Male,63,fquartermain65@edublogs.org,193-100-2765
7e06e3d4-4def-4f77-832b-912c76c14861,Rosco,Bergstram,Male,66,rbergstram66@yolasite.com,242-294-7249
6a4f4eed-75c5-48ae-97e3-9819dda34980,Claire,Oggers,Polygender,26,coggers67@t.co,266-313-3952
7199f5ee-5782-485f-a652-f608a6e4fa8a,Lou,Mussard,Non-binary,47,lmussard68@ifeng.com,221-379-3206
8b1e4eb7-0b28-4a20-894d-b2053f246db3,Aubrette,Izakson,Female,50,aizakson69@purevolume.com,382-250-0936
c679ab71-821d-466a-814a-ac106286c99a,Cristie,Jellis,Female,49,cjellis6a@earthlink.net,811-941-6311
4583b77b-acde-4416-8cd1-ef2c5e6f35c8,Augy,Stainton,Male,26,astainton6b@washington.edu,289-823-2272
4239c8b5-2921-42d6-93ab-a2ee5b1925d8,Mead,Brundell,Female,46,mbrundell6c@chicagotribune.com,354-310-7058
9d9a809e-1834-4242-aa7f-d6366129fee3,Ellery,Filisov,Male,71,efilisov6d@gizmodo.com,607-465-9497
f8d8540c-f2a2-4414-a707-2daa1603c5b3,Karlyn,Dovermann,Female,78,kdovermann6e@privacy.gov.au,231-609-5869
9a329229-459b-4bd7-b38b-309e28090a07,Lynnelle,Ghost,Polygender,29,lghost6f@nifty.com,975-437-0329
0053752f-7e1c-4c30-a951-3349c5d65c49,Almeria,Leachman,Female,54,aleachman6g@squidoo.com,326-799-7478
0566efa0-efbc-4005-9d9d-fc8c0108d232,Briggs,Seth,Male,43,bseth6h@google.com,166-269-7719
3a6a191d-c0e6-4705-881c-8c7f96d4c6f0,Chrisy,Keher,Male,36,ckeher6i@plala.or.jp,873-945-5848
c5be9907-a1ee-40ef-872f-e05538441727,Odie,Huddleston,Male,38,ohuddleston6j@psu.edu,428-293-5438
b85c7f08-3878-470f-98c2-ea8674deecf3,Clywd,Sacher,Male,18,csacher6k@hubpages.com,184-610-2827
75a0881d-96e9-4246-92d1-aac6fdd856a9,Salim,Prangnell,Male,80,sprangnell6l@merriam-webster.com,874-603-5477
6654a5b8-e749-4927-a5b4-04c9b86f7794,Rodge,Huckleby,Male,56,rhuckleby6m@dot.gov,683-438-8418
1afd1879-26f5-4415-92e8-a728c781c699,Judye,Brockman,Female,39,jbrockman6n@state.tx.us,279-272-3838
29e038c4-2c22-41e2-96f8-7f6eb2aef11d,Zora,Ebdon,Female,70,zebdon6o@cbslocal.com,810-847-0388
d8a23123-9c98-4dd5-be89-0194a3936fcf,Mirabelle,Baudain,Female,69,mbaudain6p@tumblr.com,895-899-9583
e6b47596-802c-4220-b67f-7b3423c2ab26,Alisha,Turn,Female,75,aturn6q@ihg.com,886-788-8951
70442efe-80d9-4002-bf1a-45b8461c198f,Edithe,Nann,Female,73,enann6r@jiathis.com,587-159-4229
fcd1bac0-c0a1-4094-802b-02e12d431aee,Thedrick,Dunaway,Male,23,tdunaway6s@github.com,218-357-4886
981372b8-6def-469d-831b-ad927963ebf8,Max,Trenoweth,Male,78,mtrenoweth6t@networksolutions.com,408-543-1065
15fc1f15-ab9c-4ab6-b7dc-11bf4db096b0,Pietra,Loddy,Female,48,ploddy6u@wikia.com,422-625-1990
9732e4f5-8360-4842-9c98-1ce2fd332ba4,Townsend,Dalgardno,Male,35,tdalgardno6v@examiner.com,592-974-4018
c7cec0bf-f14f-4197-b32b-b33af5015d59,Rosette,Hovell,Female,31,rhovell6w@dyndns.org,453-969-4400
0aa5c9dd-5b43-405d-a449-f9df744508ff,Terri-jo,D'Enrico,Female,78,tdenrico6x@indiatimes.com,786-912-8272
791bb21c-56d0-43e4-a1ff-7aefc0e07e09,Barbara,Kringe,Female,48,bkringe6y@seesaa.net,961-319-1685
2db2963b-1e4a-4ed3-99a8-fb04e774a945,Deina,Hardisty,Female,51,dhardisty6z@blog.com,975-497-2525
cde78b7f-eb82-49a6-9efb-b3b03c7d6f24,Michaelina,Fluger,Bigender,20,mfluger70@cmu.edu,230-794-5663
5bc774a8-037a-4ed7-90ee-baf8d595ef31,Kippie,Pollen,Male,29,kpollen71@who.int,963-784-0707
443ac148-f28a-4f8f-a1ac-d1ebaf6d6590,Chad,Redferne,Male,53,credferne72@51.la,272-724-1798
a2063b9d-83ee-4b66-9ca2-7e403ec641e7,Kiersten,Schneidau,Female,18,kschneidau73@instagram.com,877-565-7059
6d3ba322-39a0-45f8-83ed-eb68b77e9fe4,Norry,Petrushka,Male,61,npetrushka74@smh.com.au,741-385-8491
9caf99d0-b730-44e1-bb0f-d06b766e0308,Allyn,Barfford,Male,56,abarfford75@parallels.com,222-370-0273
a00944ce-60ad-4a1c-8ee2-2de56ed38882,Patty,Tallon,Male,57,ptallon76@engadget.com,444-210-5008
496d77e4-b96d-4879-8470-89612c86f022,Rosamond,Wadforth,Female,69,rwadforth77@wsj.com,558-613-7626
af30765e-a7d4-4e9e-acf4-8a3686e46107,Tobe,Huton,Male,50,thuton78@chronoengine.com,603-174-1446
863cb77d-74c5-4758-8121-07eef1cba028,Stanwood,Buckoke,Male,25,sbuckoke79@aol.com,402-809-9442
f58e5c4a-379f-4a90-aca1-a8f621575b5c,Jeffie,Pyvis,Male,61,jpyvis7a@reddit.com,240-737-2485
ed1afc61-72da-4eef-9ccc-cb0a7bc65842,Zerk,Croneen,Male,53,zcroneen7b@google.ca,866-228-2462
1ba2b4dd-d720-48ec-b40a-afc77ef5cad6,Elaine,Cymper,Female,23,ecymper7c@slideshare.net,427-765-3430
6099eca9-e5fe-42ab-b9ce-f715c6ae1c3a,Tiffy,Mc Carroll,Female,18,tmccarroll7d@dell.com,253-342-7297
d8877c55-933f-4c41-be41-7bb2be943e57,Katalin,Bevens,Female,69,kbevens7e@howstuffworks.com,179-616-4805
bb015cc8-45be-46bb-be5f-24cd91e939ef,Sergent,Stealey,Male,35,sstealey7f@webs.com,999-302-2352
9e94ded2-d1e3-4ba1-af9c-b8edf67a50de,Cristabel,Eldritt,Female,30,celdritt7g@sitemeter.com,562-185-5067
6efae2ca-e14d-4985-abdb-0d414891bd1b,Althea,Szantho,Female,73,aszantho7h@geocities.com,566-733-3954
3950c1ba-827f-43b5-9491-c90b93959fe8,Ilise,Ruckledge,Female,22,iruckledge7i@woothemes.com,424-728-6461
efdc72cc-9197-4dd5-9ee9-61768b644de4,Dominic,Mackness,Male,69,dmackness7j@shareasale.com,392-193-1418
6372beba-19e8-4207-8b66-10e602369d3d,Kalila,Olligan,Female,60,kolligan7k@hexun.com,877-817-2634
49505135-67ed-4b24-beea-9f68efbf066d,Neile,Brute,Female,28,nbrute7l@oracle.com,643-512-4755
e5e4653b-9f0f-4cac-8481-cd9c6cb27e29,Flory,Merritt,Female,18,fmerritt7m@smh.com.au,112-316-9618
7df63b43-0184-4a37-bb54-9bd80a3774fd,Verene,Enticott,Female,66,venticott7n@ed.gov,287-947-0595
bae31ccc-a8dc-48c0-ae80-3612b9c55b69,Kingsley,Methringham,Male,46,kmethringham7o@yale.edu,446-129-2340
1ecf5868-847a-407d-96c4-a562c4f433c5,Eran,Hathway,Bigender,30,ehathway7p@paginegialle.it,279-424-2742
5f6a2e65-6170-4dde-803f-bd962424c9c3,Odelia,Pettendrich,Female,69,opettendrich7q@house.gov,975-353-5287
e943f7f0-62f2-4cde-961b-143d82737f9c,Kevan,Lumox,Male,53,klumox7r@wiley.com,564-945-0577
82404474-7f90-4b8f-8edb-c07cb1f15bd6,Scotty,Ullyott,Male,27,sullyott7s@blogspot.com,956-430-1631
2cc5b25f-4829-49e7-a770-8009f138fce0,Elsie,Stear,Female,18,estear7t@pcworld.com,163-220-2531
7285bd97-1207-47e3-a1b1-c13eaeeeabcc,Ina,Nockles,Female,63,inockles7u@java.com,962-147-3627
7857d261-5c38-49e3-81e8-b50911c47172,Doreen,Risso,Female,55,drisso7v@blinklist.com,357-209-9430
f4b33ffc-26fc-4527-a8e4-2cee5827528d,Nico,Prewer,Male,63,nprewer7w@domainmarket.com,593-340-2752
3f62a5d0-9d77-4468-a44f-f1aa11e4767a,Ileana,Bollans,Female,51,ibollans7x@hud.gov,980-993-0576
8053352e-ded1-4872-a841-c896708c5054,Dudley,Rainsden,Polygender,76,drainsden7y@buzzfeed.com,112-156-6516
192a51e3-20b3-40e0-9a52-5de551a31ce1,Drusie,Sabberton,Female,33,dsabberton7z@sfgate.com,785-290-3943
c5d068ab-bd2c-4391-bf42-d521edd9a7d9,Claiborn,Andretti,Male,25,candretti80@vistaprint.com,988-171-3948
e53e7a06-fcf3-4b0f-a474-0c24d901d54c,Harmonie,Yushkov,Female,71,hyushkov81@nymag.com,390-831-1643
66571b40-2bc9-409c-ada2-836aec6423cf,Arabel,Fosdick,Female,61,afosdick82@godaddy.com,764-391-3643
9d8725a7-977e-4e6b-8712-2b3f86164039,Isak,Coneybeer,Male,32,iconeybeer83@chicagotribune.com,844-158-1349
0f7bdffd-87c0-4bf0-b8e7-83499d3935fb,Rozelle,Gilhooly,Female,58,rgilhooly84@slashdot.org,484-650-7694
90ab6c29-153a-4493-af9e-5863992314f9,Hermina,Waddingham,Female,79,hwaddingham85@elegantthemes.com,736-839-7000
eac2eced-c2c6-4411-9671-9d76e21124f7,Britt,Niccols,Male,50,bniccols86@imdb.com,284-583-4118
b92b171a-e5d0-4020-8dfc-103a4b8992fa,Christal,Terese,Female,26,cterese87@mozilla.com,347-673-5346
1319e776-9e84-4e42-a795-922b27089d63,Demetris,Ethelstone,Male,21,dethelstone88@youtu.be,852-662-5612
dbf78b6f-8fc1-4b40-aab4-f356344509b3,Giulietta,Bragger,Female,23,gbragger89@about.me,842-352-5484
d0369877-8c01-42c6-bbff-73e49c65a75c,Trisha,Wintersgill,Female,29,twintersgill8a@gov.uk,328-954-6202
7344461f-0a86-4da8-9386-01a46a0c695f,Del,Duckerin,Female,45,dduckerin8b@weibo.com,470-381-1687
2d7214b6-e32b-455e-8b53-a7dac39e3cdc,Diana,Blase,Female,19,dblase8c@phpbb.com,929-283-6533
153bbcd9-c899-4d3a-9694-a6fe197e48a3,Charline,Dilworth,Female,46,cdilworth8d@joomla.org,927-871-8910
217d6ae5-9508-4a2a-b8fc-0c5d96593018,Eliot,Hugin,Male,47,ehugin8e@bloomberg.com,615-433-0957
0b0ab30b-20f8-4f2b-840f-7dc97ef760ef,Vanda,Blondel,Female,44,vblondel8f@linkedin.com,808-831-5941
ae77c669-f81a-4452-8c7d-fed7361da561,Rollins,Brandsen,Male,46,rbrandsen8g@bloglovin.com,326-184-3895
59bc87f6-7248-4fe4-b2d4-c4ccadef3acb,Blinny,Poyser,Polygender,35,bpoyser8h@patch.com,342-135-9475
7bcb7771-9ba2-48d7-a611-bf3ec0b91c24,Amalia,Palatini,Female,68,apalatini8i@reverbnation.com,701-977-4362
30f7be51-5027-427d-86ac-887bac4d90a4,Cecilius,Watkin,Male,44,cwatkin8j@shutterfly.com,555-320-7601
2c660674-cc8d-4ad0-a2c0-2c535eed44a7,Patrice,Kewley,Male,28,pkewley8k@rediff.com,605-560-6658
d86532e7-7732-4548-8061-b4937cb6cf0b,Karry,Rabbitt,Female,28,krabbitt8l@yolasite.com,788-757-3164
652c7605-f7b5-47fa-96dc-b9addb1c7ba2,Roslyn,Pogg,Female,38,rpogg8m@arstechnica.com,870-253-7481
151ac817-a841-4c4f-8e7e-17308d5b6a32,Natalina,Chetham,Female,78,nchetham8n@facebook.com,886-744-7857
24b287f4-457b-4426-bdaf-2283081a20de,Saleem,Baynton,Male,27,sbaynton8o@opensource.org,731-272-7349
f2bccd52-41b6-4211-8665-3fbdcdd5062c,Roland,Cranidge,Polygender,72,rcranidge8p@about.me,834-344-7559
c568a476-198b-4788-ad1e-ac9bc185816a,Justinian,Sydry,Male,52,jsydry8q@blogtalkradio.com,478-621-3803
e8528ca4-d6f4-47a4-9a34-7f708b12bbe1,Byrle,Prate,Male,79,bprate8r@yale.edu,179-248-2533
f2b0059f-ada8-4fc9-9789-cb6463bd969a,Aristotle,Yellep,Male,62,ayellep8s@barnesandnoble.com,942-351-8217
2499e983-54d0-48ca-ad4f-fdf6f0d85687,Vassily,McMyler,Male,26,vmcmyler8t@imdb.com,397-621-0010
5a2932bf-172d-4649-bc9b-d1fbacb779ea,Conny,Antat,Male,37,cantat8u@nymag.com,292-283-1864
e7e3cab3-c3f9-4bfe-9148-72dccf3595b9,Thornie,Lawtey,Male,51,tlawtey8v@symantec.com,955-516-1116
e1bd9372-8c63-4efb-b46b-003b5c9985dd,Gerardo,Augie,Male,43,gaugie8w@blogtalkradio.com,819-671-0912
19873b4d-2034-4566-9256-9827385105a5,Maryanne,Kiraly,Agender,60,mkiraly8x@shutterfly.com,352-786-7687
6076c859-caba-45f6-92ca-4676947e530e,Artur,Collen,Male,68,acollen8y@ezinearticles.com,207-730-1392
4f2cade7-bb23-4b3b-8aa5-70de5fa908a4,Gilbert,Bauduccio,Male,21,gbauduccio8z@omniture.com,727-923-5467
3161e1ce-c63c-4cc7-bb01-00276f2f9f65,Broderic,Ridler,Male,29,bridler90@smh.com.au,461-264-0050
0ea072c4-2e26-4cbf-ba99-e50556b6232c,Shina,Rye,Female,71,srye91@technorati.com,759-792-5566
45dbf967-bb69-4758-8b19-89d6574791b9,Carol,Batha,Female,64,cbatha92@wikipedia.org,713-252-6188
299e0745-f0b0-41a5-929a-745cc0e3e9d8,Babara,Forseith,Female,30,bforseith93@indiegogo.com,100-707-2344
9452b085-1751-4836-bd1a-26c02d27bd55,Annelise,Skirvane,Female,60,askirvane94@upenn.edu,436-798-7316
96018d57-698f-4a85-8b4b-2f3103472d43,Vale,Dufall,Male,55,vdufall95@posterous.com,223-698-2075
cd93f493-2b57-4e55-a8b8-4d2ef2f439b2,Melodie,Grisdale,Female,58,mgrisdale96@about.com,992-133-8489
a25ed365-3508-4b1f-b007-7bdc5162597d,Natty,Jelf,Male,50,njelf97@wunderground.com,492-530-8205
a9e80981-1a77-4e9f-a99f-b296b64862cd,Isacco,Reede,Male,57,ireede98@slashdot.org,294-349-7790
8aa0905e-9dd0-4405-a983-13eb8b387093,Flss,Cremins,Female,77,fcremins99@google.com.br,681-749-2070
3eba702e-d094-4b33-b89b-291c7c60989a,Brittney,Rebbeck,Female,72,brebbeck9a@google.it,404-297-6616
7314f93e-3f7a-4574-9b70-3eabea9c4642,Selina,De Zuani,Genderqueer,66,sdezuani9b@desdev.cn,650-165-0692
5afc5583-22d5-48d2-848b-e564596cd7fd,Katine,Smithyman,Female,63,ksmithyman9c@businesswire.com,870-545-1796
ca8d7be0-38d3-40e2-b911-fd365c9a7b16,Harper,Febry,Male,47,hfebry9d@friendfeed.com,418-479-7618
3a400a67-8e7c-4935-8a49-919440044950,Catherine,Church,Female,29,cchurch9e@slate.com,196-876-9328
b0e278fd-f355-4983-9d7b-a7f3a9b71999,Masha,Aldrin,Polygender,30,maldrin9f@phoca.cz,544-221-8298
50a9ea3e-fa8f-434f-bcfb-8f23d990a415,Sigvard,Stennings,Male,31,sstennings9g@alexa.com,836-285-7817
3e8d5fdb-5bb0-4372-8c0f-803323f7ef31,Otis,Hizir,Polygender,31,ohizir9h@foxnews.com,881-223-7811
28421cae-222f-4200-bc7c-985e4761a06d,Carly,Dunnion,Male,53,cdunnion9i@mail.ru,299-219-3120
cacee2b3-7fa9-4765-b1e5-4f8b3425481f,Idell,Risely,Female,60,irisely9j@tinypic.com,146-219-2993
1eee19f9-07e7-4cb9-8213-9413975967a6,Jerrome,Tanman,Male,51,jtanman9k@newyorker.com,796-583-4221
6514b781-01fc-40f2-9d65-9523d2f030d9,Helaina,Crush,Female,57,hcrush9l@quantcast.com,344-186-3604
81315528-d02d-4c2b-a91b-7e8377c2ebd0,Pietra,Gallyon,Female,53,pgallyon9m@auda.org.au,398-924-8143
284e079d-6f7d-4d61-93cc-3ceaf3e4bc6b,Haily,Tidbury,Female,47,htidbury9n@desdev.cn,158-974-2697
3afe7cbb-1706-4032-8acb-45789bbb7ea1,Micaela,Stenson,Female,57,mstenson9o@cnn.com,408-823-8165
4de74376-12c3-4805-8780-f2bc4976bf96,Bastien,Drakeley,Male,68,bdrakeley9p@unc.edu,325-330-2292
7aa41d9f-2bf6-448f-ac0f-b03a77252ee4,Eadie,Petrichat,Bigender,24,epetrichat9q@lulu.com,152-177-3536
77449ed8-e1e9-4292-9583-7c09581f9df1,Robinet,Liddyard,Female,46,rliddyard9r@vinaora.com,553-763-0689
ad1dc315-90ff-4938-adac-db85798c831b,Darice,Pyke,Female,27,dpyke9s@ehow.com,343-368-8727
6b2221a3-b470-48cf-bbb6-54cff0938528,Humfried,Tatchell,Male,45,htatchell9t@nasa.gov,975-607-5311
e16be626-2284-4b1f-9e11-c710ff5bd741,Chiarra,Raithbie,Female,28,craithbie9u@google.nl,138-375-0751
805006ec-351d-4a27-99b5-c80a8dd4ed54,Muffin,Baish,Female,38,mbaish9v@about.me,401-489-7167
34170fb9-3e51-4f96-9c68-96a70d523b48,Tommy,Coffin,Female,46,tcoffin9w@ycombinator.com,392-667-5679
e9e62d58-bfcc-4007-9f68-1c46b601365d,Janeta,Ketchen,Female,23,jketchen9x@istockphoto.com,817-327-6135
b1456aa6-6407-478c-bf8f-75b5e0b6da94,Morey,Tiltman,Male,68,mtiltman9y@dedecms.com,545-442-7308
9ea0d158-1140-46e6-abf8-3f326e7f470b,Torey,Guerner,Male,52,tguerner9z@addthis.com,794-367-7546
317f89b4-abb6-4e34-9fed-bf5cee90563e,Ardis,Dobrowolski,Female,56,adobrowolskia0@studiopress.com,504-832-4655
6059d621-11e9-4e33-8d8a-67681c8daa45,Geoff,Dashkovich,Male,46,gdashkovicha1@salon.com,131-567-9129
8d286c00-c396-467b-bfa9-aa9345ba3c1d,Fiorenze,Van Giffen,Female,64,fvangiffena2@cloudflare.com,914-379-4825
202f8795-3223-4733-9a30-8aba54d51cd0,Margie,Murphey,Female,65,mmurpheya3@ca.gov,865-329-0010
98a1b28b-1883-4ba5-8d94-f03d92391828,Sigismundo,Middis,Male,34,smiddisa4@time.com,546-706-8183
659b6dc1-d505-4ce8-9884-01df7ebd730b,Hobart,Safell,Genderqueer,76,hsafella5@netscape.com,967-618-2564
d1def9a8-571c-4fce-83db-6e50a370ddad,Travis,Meneux,Male,70,tmeneuxa6@mayoclinic.com,701-596-0203
f7fe0bee-d47e-429c-94dc-09184c6fafc4,Margi,McGeouch,Polygender,80,mmcgeoucha7@homestead.com,361-116-6288
d79c1056-60fc-40a5-88b3-5ed31b3540fa,Malchy,Gyngell,Male,50,mgyngella8@cafepress.com,561-781-6519
3b16f919-4e8f-4aeb-b1c0-ba0f52b0abff,Lorelei,Herrieven,Genderfluid,21,lherrievena9@bizjournals.com,714-915-9960
e44226dd-1820-4464-a7e6-72ee69ff0a9c,Vernon,Mauger,Male,19,vmaugeraa@shinystat.com,747-146-4825
912456ff-2b48-40fd-a921-0ab6a0ef46e6,Haily,Bigly,Female,73,hbiglyab@google.com,729-984-9083
97124a45-9e7f-47cb-bb72-dd7a3fd19fdb,Genia,Kerbey,Female,20,gkerbeyac@vk.com,937-591-3116
e2316ea4-b49c-4ef9-8273-19107d539ddd,Josey,Hartburn,Female,20,jhartburnad@elpais.com,625-146-4134
b84fa2e8-86b6-4c6d-aebd-62105751222c,Marlyn,Folomin,Female,75,mfolominae@amazonaws.com,643-815-5044
d357e329-d7ba-4485-96b9-3bc330e087d9,Chrissy,Alekseev,Bigender,80,calekseevaf@springer.com,841-265-2933
08fc6a46-41a2-4321-9e1c-89f3718bbb33,Kristal,Kinson,Female,54,kkinsonag@google.ru,605-628-0626
b900bb84-3aba-4a46-9e3a-6005c7a9665b,Sasha,Carmont,Bigender,79,scarmontah@nhs.uk,404-787-2419
e63d88c1-bc26-4f73-b8ff-3af380dcdd17,Paulo,Cownden,Male,43,pcowndenai@cloudflare.com,480-670-3985
c07a8587-91dc-4510-9966-9b6932158265,Junette,Malthouse,Female,51,jmalthouseaj@woothemes.com,532-536-4002
374b2693-b960-4af2-bcb6-2297d8a43059,Stephenie,Mongeot,Female,45,smongeotak@booking.com,348-779-2240
a4124487-44cb-4818-8dd4-13493fcd1f13,Elmer,Richarz,Male,53,ericharzal@ebay.com,287-157-5126
6cd61e34-36dd-466a-899a-2b853ec0be7c,Rogerio,Girod,Male,63,rgirodam@whitehouse.gov,836-650-5369
1c6acffa-8bb8-43eb-b4ca-48d09abca14a,Vasilis,Shall,Male,80,vshallan@unc.edu,799-128-1568
b14958af-ba28-4fd0-9cbb-ee751f65bacb,Moshe,Olliff,Male,61,molliffao@xrea.com,971-423-6781
ae053886-49c2-4212-aa20-fff543fa72e8,Roanne,MacDowal,Female,54,rmacdowalap@slashdot.org,906-275-9950
06f1ea62-2c6a-45d2-943e-f2a6f5b8cb78,Micheil,Enser,Male,47,menseraq@networksolutions.com,633-673-7335
fd196f6b-61cc-4d12-a65f-b5875a90b901,Jayne,Flanagan,Female,72,jflanaganar@oakley.com,502-918-2782
85c0a30b-569e-4331-b67e-c54690634a09,Carroll,Meaden,Male,55,cmeadenas@yandex.ru,899-166-3009
4cfbb5f4-40e6-4159-94b3-97d2accb939b,Phyllys,Quixley,Female,58,pquixleyat@constantcontact.com,667-640-8904
84726911-4c38-495f-bdd9-6cb7144870e9,Louisa,Studman,Female,58,lstudmanau@si.edu,840-908-7142
04cebad1-9d55-4106-bc2a-ae28ad394af8,Codi,Bennie,Male,48,cbennieav@sphinn.com,722-614-4906
8780ed32-e9ee-475d-b4f5-1fc9e417a37e,Tillie,Clunie,Female,39,tclunieaw@sakura.ne.jp,932-578-3408
e2fe6a67-bd29-40a4-a79b-93c0e83f504c,Evvie,Presslee,Genderqueer,33,epressleeax@tamu.edu,473-935-4432
d7660bfe-f8fa-45d8-affd-bcd279d1953f,Carla,Coit,Female,58,ccoitay@wp.com,614-827-1954
31b5a5ae-0a7e-488e-9ce8-f0f1340aaff2,Kirbie,Hrynczyk,Female,25,khrynczykaz@marketwatch.com,501-256-6016
dab6dab8-b00a-4d57-9b23-8e071d7527f4,Pierce,O'Cassidy,Male,54,pocassidyb0@unc.edu,445-302-8615
0f65fc4b-2a59-4777-809e-b9b7f51fc634,Olav,Balazot,Polygender,49,obalazotb1@usa.gov,544-823-5492
78999d13-268f-4751-99be-ff12d7cad386,Rahel,Sworne,Female,70,rsworneb2@ocn.ne.jp,166-648-0855
0fe91649-7bd9-4209-99c0-63e5f0990b07,Wilmar,Conlaund,Polygender,39,wconlaundb3@sbwire.com,315-910-8078
e6fd3373-c8e7-401a-807e-4b41ac174b62,Dorisa,Wickham,Female,56,dwickhamb4@theguardian.com,875-779-9453
2caa8222-10eb-41f5-bf50-e966f3b1d8ae,Thorny,Ochterlony,Male,37,tochterlonyb5@patch.com,683-802-7108
3192a7e0-97a5-4791-ab80-c054cc5a791f,Isabelle,Do,Female,46,idob6@state.tx.us,578-544-8274
23ebacd0-8836-49bf-8180-0f28dba6480d,Onfroi,Gilfoyle,Male,59,ogilfoyleb7@cpanel.net,540-479-2606
c4d4627c-ec91-45e0-8bcc-1d5cdb6813e0,Sherrie,Sapsed,Female,69,ssapsedb8@github.com,124-766-3838
d9468113-794c-4254-ad70-f46f5225d0ba,Maurizio,Teare,Male,18,mteareb9@va.gov,204-870-4894
6aac4684-f805-46b3-8fcf-c6247ab6dc95,Jodie,Dondon,Male,66,jdondonba@liveinternet.ru,577-954-3665
1fce864d-c254-49b6-82a4-a2b7d37af5ae,Brew,Sheals,Male,27,bshealsbb@nydailynews.com,380-954-4501
cec48e3f-7abe-42bd-aac0-8c6a89848b0d,Layla,Moniker,Female,49,lmonikerbc@bloglovin.com,112-527-4560
657e3c0c-a164-44a0-8fac-b27d45f842f4,Hashim,McDell,Male,19,hmcdellbd@tiny.cc,533-182-3502
57178ec1-10b2-48ba-84e7-b7a255e4b8a8,Nikolaus,Halfhyde,Male,39,nhalfhydebe@cam.ac.uk,218-475-0344
0709a64b-f722-44c1-9182-0be9cc6af3a0,Eziechiele,Spowage,Male,62,espowagebf@hp.com,730-661-9433
c61dd9dc-75e4-443b-8c92-e147655d367c,Meredith,Coopey,Male,32,mcoopeybg@cisco.com,977-665-9856
81c89f81-6f4b-4b34-bcf7-4e78dbbdcb14,Darnell,Whotton,Male,23,dwhottonbh@ucoz.com,297-160-0268
c91af3f8-8a68-46b8-b6b7-ef7c2068e435,Carce,Dymocke,Male,64,cdymockebi@uol.com.br,469-329-6591
9f097c4b-6d6a-4c47-b8cd-cd9f9ef24edc,Merrili,O'Mailey,Non-binary,65,momaileybj@youku.com,286-818-9645
2ffeda19-f78f-46ef-98d0-472ee2f83861,Carol-jean,Shier,Female,59,cshierbk@cmu.edu,636-761-7011
f2905379-2b50-46d6-a04a-13b31a02751e,Wini,Josham,Female,73,wjoshambl@timesonline.co.uk,896-628-0144
16e04562-cc47-4599-a89c-d2b9d074b033,Mar,Capstake,Male,38,mcapstakebm@apache.org,527-482-2556
26865cf4-3d88-44c4-a00f-9fcc9bded004,Agustin,Lampens,Male,73,alampensbn@oracle.com,230-961-8347
5692aa6b-b0bc-48ea-9fb7-7a98b022a1bd,Marten,Yanele,Male,50,myanelebo@constantcontact.com,998-339-7000
875cb76b-5c7b-4223-bf86-5f8b926a376f,Hinze,Ivankovic,Male,72,hivankovicbp@mac.com,756-354-5673
c098a70c-5975-47ca-a3dc-157b61c080e1,Mab,Streeter,Female,50,mstreeterbq@blogs.com,386-722-2742
25564312-fcc5-42ae-be11-6dc2be41c600,Gelya,Gislebert,Female,41,ggislebertbr@icq.com,689-609-3720
59886eda-ae87-48ca-bc70-064e5fadb809,Cyrille,Lenoir,Male,23,clenoirbs@cbslocal.com,522-408-0367
cdcb2673-3125-4534-a1a4-6b2d25f240c3,Hillier,Mattes,Non-binary,51,hmattesbt@fastcompany.com,622-199-8218
3866c46b-c8d4-4e49-b1fc-06aae1d54f09,Sonia,Rubes,Genderqueer,72,srubesbu@about.com,844-686-6927
5f2d3509-3bf9-4d11-907c-4dfb5838cca4,Maurice,Gundrey,Male,26,mgundreybv@istockphoto.com,709-458-2742
53c3ce39-e948-4c46-82b4-36311b2723a6,Bathsheba,Vedeneev,Female,21,bvedeneevbw@ucla.edu,670-603-3455
e1e19a90-67a0-40f0-bd80-736dbe6f3454,Nixie,Aiton,Female,64,naitonbx@drupal.org,865-897-8347
8ffe856c-6663-41e0-a008-e1894782e1dc,Gwendolyn,Totman,Genderqueer,58,gtotmanby@uiuc.edu,660-884-2041
5350ff1c-1a58-4113-98a6-8612ea1e9878,Roarke,Archard,Male,62,rarchardbz@imgur.com,362-391-4112
40c223bd-d4d1-4d2b-b83f-7571e0103efe,Jan,Hance,Male,19,jhancec0@statcounter.com,150-722-7467
3e7d124e-33f5-42bd-9dcd-7bff123e6e68,Rosemarie,Missen,Female,48,rmissenc1@lulu.com,124-373-8105
a84b24a7-4d38-46d5-8eb5-8ec793594e54,Elissa,Ord,Female,50,eordc2@archive.org,647-437-5279
46c8b6b7-d71a-4634-b6fa-e0f6126f28ab,Frederick,Skace,Polygender,65,fskacec3@cmu.edu,225-252-9641
040fe2f5-42f8-4614-baf0-f3b81bec472a,Isabella,Weeke,Female,66,iweekec4@tinyurl.com,908-537-2530
d2c84575-e2e1-48f8-b5d1-fa6435859eed,Vilma,De'Ath,Non-binary,40,vdeathc5@netvibes.com,819-153-5509
fca6da31-3e59-4312-96ee-cbba0307358c,Brandie,Roggeman,Female,75,broggemanc6@google.fr,778-811-9428
4e868468-46fe-4772-a268-47e031025194,Fairleigh,De Cleen,Male,52,fdecleenc7@networkadvertising.org,802-213-7842
03249501-afe1-4fd1-b8cc-02e35199ac53,Yvor,Stockhill,Polygender,72,ystockhillc8@google.pl,442-824-8655
96513e7d-4bbc-4507-a618-55f1165de854,Barthel,Meron,Male,57,bmeronc9@naver.com,982-759-5075
f71e183b-f55f-4fe4-81c6-4d0f89484027,Rowen,Conneely,Male,52,rconneelyca@nature.com,280-977-2306
709a6c95-5a77-4271-994d-41eeb8034904,Sari,Tale,Female,29,stalecb@storify.com,505-316-4875
2e273cf8-8879-4f83-8d46-6f8498573b61,Tildi,Lakenton,Female,37,tlakentoncc@slashdot.org,205-457-6421
90d75c47-990f-44d9-8395-bc948440585c,Sybille,Timeby,Female,49,stimebycd@multiply.com,624-760-5925
ea17b34a-82a2-44ac-813b-d24ea8895275,Meredith,Harower,Genderqueer,42,mharowerce@stanford.edu,865-446-7271
19eb1bb1-f5f3-42ec-84e5-d51eea2f1e83,Aldric,Sandercock,Male,19,asandercockcf@digg.com,273-464-8681
04987b92-ac88-4dd5-9f33-bf015d9edf90,Edmund,Belfrage,Male,35,ebelfragecg@google.ru,195-908-6719
e3ebcbca-6d38-4fdb-965e-d240aae6ed32,Lilllie,Gorcke,Female,68,lgorckech@youtu.be,571-184-2192
88c9b51f-ab12-4a82-bcee-30eedef3c7b9,Hercule,Chritchley,Male,40,hchritchleyci@narod.ru,478-928-9044
b8dd0789-b972-4521-a394-24cb8ac0c7ce,Pieter,Stuart,Male,52,pstuartcj@wix.com,952-191-2138
cec442a7-ed99-4399-881a-59cd39f25efe,Sauveur,Blacklidge,Male,30,sblacklidgeck@infoseek.co.jp,392-189-6806
872d71cf-2a85-4331-b288-f8edce1c9d38,Sharron,Gogarty,Female,34,sgogartycl@japanpost.jp,738-433-2972
69b5cd14-db83-4aa9-adba-a95b1fbd8776,Constantino,Kinghorne,Male,80,ckinghornecm@salon.com,271-658-4850
103d4262-9aba-4371-a917-01535b331e4f,Alexandrina,Crasford,Female,33,acrasfordcn@independent.co.uk,487-644-7607
c7f43bbc-944a-4484-9e1e-c48f95805867,Myrtle,Kalkofen,Female,33,mkalkofenco@umn.edu,968-471-8347
ae9f441a-23aa-4add-8136-b8ded89e74f8,Dodi,Di Meo,Female,73,ddimeocp@cdc.gov,612-739-9325
d2feaa11-1431-464a-a879-9d01442670df,Shoshana,Lunbech,Female,60,slunbechcq@infoseek.co.jp,902-726-4261
adcad617-c234-4a83-8513-06cfbfeb670d,Bronson,Chestnutt,Male,26,bchestnuttcr@tmall.com,957-572-1860
1a5f3cac-20a0-462c-8f49-5b2853573309,Tally,Hedderly,Male,71,thedderlycs@businessinsider.com,700-828-2188
b5d4a04b-d3e9-4df5-aed8-4c1c3e1635af,Farly,Coal,Male,31,fcoalct@baidu.com,729-458-2141
54e1cf86-aed8-4400-acea-fb5099bab1f0,Zelig,Coode,Male,30,zcoodecu@washingtonpost.com,785-233-2039
2303b119-8e49-4f3c-b913-91aaba859735,Dixie,Claisse,Female,44,dclaissecv@buzzfeed.com,930-704-2307
2cd5efa3-63b6-4d3a-9433-13e0c63b863d,Rodina,Oehm,Female,32,roehmcw@altervista.org,645-250-9985
6421e942-c1d3-4c49-b833-c247941735a8,Carol,Vedntyev,Female,70,cvedntyevcx@pbs.org,795-157-9446
60af49ce-9cd5-4e80-9309-4d7e0591e021,Rowe,Aiers,Female,46,raierscy@hibu.com,496-863-4117
8110254e-123c-4d6a-aa19-25924de1972f,Rob,Wiffill,Genderqueer,47,rwiffillcz@virginia.edu,783-439-4045
6aecf91b-e88e-4ac2-aa3f-1b62a3d026ee,Ollie,Maryin,Male,54,omaryind0@simplemachines.org,302-947-2885
fa2bb3d6-a055-4e44-87b2-b85e99895f4d,Joelie,Oxterby,Female,41,joxterbyd1@thetimes.co.uk,781-535-0828
5d5587c7-695b-4a46-b8a2-c383bd56a1e5,Shanan,Gulberg,Male,47,sgulbergd2@kickstarter.com,706-544-1977
a77d0e4b-6666-4d1a-a737-1f1fb1b5331f,Gilemette,Trevarthen,Female,22,gtrevarthend3@vkontakte.ru,421-737-2231
4468ebc7-6f82-4c64-a905-25371e094dd2,Brinna,Coggings,Female,43,bcoggingsd4@ftc.gov,152-665-3630
b66b7dfa-5160-43ad-8c85-5c22113fe188,Melisenda,Dimock,Female,62,mdimockd5@statcounter.com,115-136-6974
745bdc56-be14-4dc3-a2cd-4f4db37218ee,Ebenezer,Tonn,Male,29,etonnd6@acquirethisname.com,731-927-1947
d574c1c6-295e-4ea2-b36f-dac7fbede6c4,Davis,Nadin,Male,41,dnadind7@goo.ne.jp,640-152-2472
15647d36-159c-4d1e-a012-c77986393a9a,Abbe,Semrad,Male,59,asemradd8@sakura.ne.jp,418-909-3404
ab99e7f6-7a82-43db-8440-5246ea5a8ee8,Minerva,Gariff,Female,19,mgariffd9@webnode.com,691-404-6258
42d8610d-6966-4163-ac6a-21a8951ba942,Codi,Cossey,Female,46,ccosseyda@shutterfly.com,529-288-1265
63cbdeff-9be0-43a1-8a65-09c6fea91cce,Harwilll,Reolfi,Male,71,hreolfidb@delicious.com,187-985-8179
7887d0bc-c1d0-4621-b14d-2a22a7545232,Alexia,Jordanson,Female,31,ajordansondc@timesonline.co.uk,916-252-2516
dd2c6f87-cd02-48d2-9a93-408e1b039ea1,Eal,Eames,Male,28,eeamesdd@a8.net,847-596-8689
c8432f68-9c21-4c5e-aea4-af6d610b9102,Wakefield,MacGowing,Male,40,wmacgowingde@house.gov,785-758-7594
7fae99a0-4d3e-4858-9f7e-85f5baa7c9ae,Rosco,Jerzak,Male,33,rjerzakdf@vkontakte.ru,381-960-5528
1b2efe4b-146e-4ee0-b3e3-b136848fda46,Mendy,Capineer,Male,50,mcapineerdg@dmoz.org,317-293-6066
ad0603c8-610f-4bfa-87d3-c2c0da50a47e,Hollyanne,Aickin,Female,59,haickindh@gnu.org,503-808-6998
03c20ea9-c8b1-41c6-bce3-aae1f8a18a2f,Claudio,Peschke,Male,42,cpeschkedi@hugedomains.com,182-909-3933
5fcf425f-8905-4045-992d-85b65ee25cb2,Joellyn,Challiner,Female,51,jchallinerdj@yelp.com,372-958-2743
e848e4e3-63a2-47dc-ab3d-9dc8c0c8a3b3,Torr,Rawes,Male,23,trawesdk@columbia.edu,243-257-4339
a5416b8c-b121-4c73-8eb1-190828d229ea,Cynde,Hosburn,Bigender,41,chosburndl@marketwatch.com,345-570-5148
b6835c24-09a8-4ccb-a968-5e88d7b0f480,Cleveland,Ochterlony,Male,80,cochterlonydm@ihg.com,865-213-3397
5432b1b2-7095-4e01-a08b-bd42f2b48b7a,Storm,Campling,Female,38,scamplingdn@mashable.com,555-565-3080
3d166f33-379e-46ab-aa68-9ba030036562,Phil,Askew,Male,60,paskewdo@freewebs.com,751-612-6237
c92bc178-39b0-4210-9d70-6fe5bc1b35a5,Patrica,Pancast,Genderqueer,78,ppancastdp@google.es,178-699-1210
3057cac8-58da-4030-aadc-e2c2d0459850,Karim,De Marchi,Male,66,kdemarchidq@de.vu,943-551-1217
b073912d-b5e3-4853-af7d-a0a7c3550fd8,Harriett,Trime,Female,78,htrimedr@seattletimes.com,136-444-1816
8c2a56d0-d24d-4dd4-8678-4cbd99d176f7,Eloisa,Wyrall,Female,79,ewyrallds@ning.com,247-488-4034
f51d5dee-acd0-4c82-92bb-7a16156b66ab,Juditha,Rubartelli,Female,75,jrubartellidt@hubpages.com,316-422-8489
3a902c0d-31c2-433f-80ed-c5b15a6fc9a7,Berk,Haberjam,Male,72,bhaberjamdu@slideshare.net,287-231-9053
f765c7e0-80cc-4d18-8637-6aa5fef976f9,Langston,Massow,Male,51,lmassowdv@sbwire.com,234-591-3004
d6768e84-3d7a-4dd0-988e-fa70c24e5837,Dory,Caulwell,Female,75,dcaulwelldw@is.gd,618-655-6845
d8467bd8-2dcb-43fa-bec5-db63c43f3d40,Abra,Snasdell,Female,80,asnasdelldx@google.de,384-763-2277
9eca49bb-d1e1-4b2a-92b1-0b64bd727b7c,Willi,Lamswood,Male,68,wlamswooddy@ocn.ne.jp,814-646-6145
e280e185-3d31-45d2-9620-208181c8c649,Tymothy,Currum,Male,77,tcurrumdz@miitbeian.gov.cn,681-398-9946
ce93a8ce-4950-43b4-b39a-659f345ba0c3,Maggy,Deamer,Female,50,mdeamere0@yahoo.co.jp,599-290-0105
8b190f45-43ce-4f79-9d5c-e43f7b8f4d89,Marion,Terney,Male,50,mterneye1@skyrock.com,347-894-0733
541ea7ca-e76c-4cb8-9d5d-1adaa0792022,Ulises,Simcock,Male,23,usimcocke2@mit.edu,550-961-5012
57cfce66-5656-4475-bbb9-b0fd66dd9822,Prudi,Burborough,Female,60,pburboroughe3@weather.com,108-526-4168
69bd095e-572c-4053-9229-3452eada28d6,Celinda,McNeill,Female,62,cmcneille4@accuweather.com,656-272-3203
c412a380-5965-467a-a219-05bef847287d,Lizabeth,Fletcher,Female,49,lfletchere5@sbwire.com,656-340-9166
67818fc8-f28e-43b2-aac6-f1e41158f345,Lila,Pranger,Female,80,lprangere6@skype.com,518-358-1986
28ad4986-2c82-4271-acad-200e0dc4cf8f,Sianna,Barnardo,Female,25,sbarnardoe7@blogger.com,885-233-0866
6266e2d3-3cc5-49a4-ac91-ea718f38d2db,Georgiana,O'Noland,Female,68,gonolande8@opera.com,650-754-4033
c53dee82-6f20-4249-ab60-b62e6d7f76db,Dolli,Filipowicz,Female,70,dfilipowicze9@gmpg.org,269-524-8763
f63f7bc1-f799-454d-a26e-9bb9f5679e33,Aurel,Gouldstraw,Female,59,agouldstrawea@washingtonpost.com,110-278-5103
4491dbc8-096c-4e18-9eee-bdc6df8f6a6a,Lodovico,Benyon,Male,37,lbenyoneb@g.co,226-280-3036
6af7625b-13a2-4f7f-9f10-45719a0b1d81,Cathleen,Dubock,Female,66,cdubockec@opera.com,170-258-7424
c2665ecd-0cad-4957-9fe4-cc00fe7ce14a,Lynett,Arens,Female,37,larensed@so-net.ne.jp,619-298-6766
322ac011-c49d-4735-87ae-473487ca35c3,Dorothea,Hunnable,Female,38,dhunnableee@wordpress.org,740-620-2460
cc3ffac0-798d-4e17-8dc1-db20050c1ccc,Kerrin,Trassler,Female,29,ktrassleref@dropbox.com,313-833-7816
a633c80b-165f-4092-9076-a7c68f1d4817,Dicky,Athow,Male,44,dathoweg@tamu.edu,532-637-1059
8c252c9f-701b-44eb-a514-0e4ee18c7978,Teodor,Brehault,Male,27,tbrehaulteh@microsoft.com,286-180-3975
8174dffb-1f15-4be5-a908-49b4fa76b76f,Archibold,Addyman,Male,62,aaddymanei@csmonitor.com,647-249-2261
77089ccd-9622-4323-860f-4c18e7e2ac78,Giorgi,Neylan,Male,79,gneylanej@privacy.gov.au,300-142-0418
679c9b74-dedc-4edc-abe4-d12e75cead6e,Marina,Killigrew,Non-binary,29,mkilligrewek@archive.org,481-545-9642
5468d724-5d36-4eb4-943d-4322f26c83b6,Valentin,Matusiak,Male,54,vmatusiakel@sohu.com,617-408-3592
8e6accda-687e-4c86-93e4-5894dd25ea0a,Miquela,Swansbury,Female,48,mswansburyem@lulu.com,588-692-5770
d1a11ce8-906c-4974-88b3-c0edb4cdb721,Dickie,Pennoni,Male,32,dpennonien@pagesperso-orange.fr,241-368-9937
917f2ec8-ea8a-4666-b95a-701296aaff87,Mag,Edge,Female,32,medgeeo@clickbank.net,259-827-0139
e7f9d339-7b6e-4baf-ac90-3feb70128f74,Carly,Ferreres,Female,44,cferreresep@cyberchimps.com,322-569-5640
8b1426b9-26b6-4da2-a3fb-cf3c07f4af8d,Lissa,Follet,Non-binary,45,lfolleteq@icio.us,711-799-8522
0d4e8ba0-677e-4694-91ad-d3f39d0727fd,Sylas,Staner,Male,25,sstanerer@mapy.cz,400-443-7134
0141288b-cc64-460f-92a0-e295c312fe02,Giralda,Morrid,Female,41,gmorrides@independent.co.uk,769-702-9193
c3969be1-7ce9-457a-833d-640860ec9c4e,Geordie,Borrill,Male,61,gborrillet@scientificamerican.com,282-120-4559
d43c02ff-286c-48bc-a192-bbf36c555ad8,Karlotte,Ropert,Female,32,kroperteu@imageshack.us,399-193-5827
0ae49354-2bc1-4ae9-a065-40f396f7aa85,Katrina,O' Faherty,Female,34,kofahertyev@i2i.jp,204-181-9877
6a864b8d-cd4f-4ea6-81ca-705bcf10461c,Gilles,Wisniewski,Male,40,gwisniewskiew@t.co,353-429-4759
ce46035a-4818-4639-bd12-c997c6e8fb6f,Fransisco,Duguid,Male,59,fduguidex@sina.com.cn,629-355-3277
087f3eb2-85ab-48b6-96d9-112c10f6e400,Thatcher,Huntress,Male,62,thuntressey@vinaora.com,393-597-9386
e881e429-1715-405d-8cb0-b3f9fb0874d8,Felecia,Heustace,Female,18,fheustaceez@webnode.com,778-476-8702
7663e849-cd0d-41a0-a7de-6da0adbe5448,Davide,Meatcher,Male,55,dmeatcherf0@google.com.hk,781-110-2700
124dca02-c89b-459b-9371-863077f427eb,Jeniece,Tees,Female,62,jteesf1@squarespace.com,228-681-8951
25b35313-00f0-432e-9347-67836dd79b27,Rowe,Grigolon,Genderfluid,42,rgrigolonf2@cafepress.com,915-655-1857
35831fbd-2d06-40ab-aca2-e67134a51731,Maisie,Manilow,Female,70,mmanilowf3@bravesites.com,130-406-7303
c694f921-31b2-44db-8e44-2befeccaeb09,Toby,Rime,Male,56,trimef4@w3.org,825-898-7324
ea0dc034-7566-4ff6-8d64-d809407f38c7,Stuart,Vignal,Male,19,svignalf5@last.fm,152-935-5134
1a8b5c63-c9b1-480b-aa8d-1fdc629a9485,Caren,Keenleyside,Female,41,ckeenleysidef6@java.com,813-569-5200
8991e21b-0cd1-4828-9306-5e69ad4089ae,Oswell,Hammerich,Non-binary,54,ohammerichf7@google.com.hk,263-378-1338
353a274d-a82c-4fe9-817a-eb4908b05bda,Padgett,Peel,Male,66,ppeelf8@sourceforge.net,771-972-1676
212b48b8-fe93-471c-9c1e-675a9a4cb54f,Lucio,Culshaw,Male,39,lculshawf9@odnoklassniki.ru,651-193-7292
18d0e044-b0d3-463f-9e53-2bd730ab4ff1,Jefferey,Houlton,Male,79,jhoultonfa@xing.com,222-380-3666
7b321777-5724-45b1-a6c8-304a0a136439,Harli,Shillitoe,Female,69,hshillitoefb@icq.com,382-769-2592
96a0694c-6a05-4519-a1c3-55ea1ad56140,Othilia,Ferriday,Female,51,oferridayfc@npr.org,886-211-0734
7e34f0a6-048f-4dfd-9620-9fbe3b962db9,Tedie,Cauldfield,Male,49,tcauldfieldfd@studiopress.com,770-498-0110
412a5291-f293-4d59-b64d-695a55c90758,Dierdre,Maiklem,Female,80,dmaiklemfe@facebook.com,647-706-1894
4dafb96e-5796-47ea-99d8-ef2a7dccb2d9,Axe,Lackington,Male,67,alackingtonff@plala.or.jp,324-912-2906
a2dbdd40-0d3b-41a3-9881-d2639f13d8cd,Dorella,Caughtry,Female,73,dcaughtryfg@google.it,406-345-4660
dcdaa8c6-9357-4ad7-a17b-db5958e36ee3,Anabella,Creenan,Female,19,acreenanfh@joomla.org,540-566-9530
d9abe2a3-48f1-4885-95c4-361dc5e11c29,Celina,Ygoe,Female,28,cygoefi@vistaprint.com,409-964-2935
23a9c6dd-df5e-454e-8fba-07ceed69a362,Laina,Bartolomeo,Female,36,lbartolomeofj@i2i.jp,252-598-9858
8f7061b7-297f-466e-a4f0-192a7d4b6b42,Staffard,Tott,Non-binary,71,stottfk@eepurl.com,447-805-7794
39715522-975c-434c-b64e-8cc4275f00df,Ansley,Grestie,Female,52,agrestiefl@apache.org,688-922-4733
805a9d06-978e-4f73-bcfa-8f06468e5f60,Welby,Stovell,Male,58,wstovellfm@china.com.cn,169-687-3781
a6501ed1-353c-479d-a1cb-cc70dd568768,Kassi,Matuszewski,Female,47,kmatuszewskifn@moonfruit.com,896-270-6745
cb84ab52-cf7a-4e82-a7f2-fd73632d65fd,Gun,Peeter,Male,70,gpeeterfo@ftc.gov,233-519-5229
80023423-a949-42f4-a160-754ccef1cf53,Joline,Lamberti,Female,62,jlambertifp@patch.com,160-283-4732
07f757d4-57e3-49c1-9c9c-8c135aabe460,Nicholle,Barwood,Female,20,nbarwoodfq@paginegialle.it,179-876-3837
f15bae80-0649-4107-a4a5-dcfc9e25c0b3,Ainslie,Adame,Female,75,aadamefr@bing.com,574-400-2496
08abc167-8b78-4753-91d9-6a82e1c62866,Merilee,Beecker,Female,69,mbeeckerfs@xrea.com,752-705-3899
409d3d35-2961-4649-a7eb-57f9c04a9df7,Neila,Mandifield,Female,40,nmandifieldft@comsenz.com,600-334-7323
b1ac4e0f-8cdd-4a53-853b-94c8b7c4b871,Gay,McCuish,Female,60,gmccuishfu@ehow.com,607-540-3282
c767bc1c-20de-416d-9aeb-3cab58bc0957,Raphael,Soden,Male,35,rsodenfv@addthis.com,600-751-4291
3d9f6b5f-68c4-44cf-87d7-d4ae4d267aa7,Gardy,Revelle,Male,45,grevellefw@moonfruit.com,677-488-7813
7c20166b-5f8b-4790-bf0b-6303f791ca4d,Bram,De Bellis,Male,66,bdebellisfx@slideshare.net,552-576-9817
52065a00-a07b-42e6-b986-0e45dd34f686,Enriqueta,Ducrow,Female,49,educrowfy@canalblog.com,525-785-0017
023c20d5-d054-4ea9-bad0-9eae18a831ad,Lorne,Deppe,Female,35,ldeppefz@symantec.com,992-974-4693
3d925053-6fd6-45c8-9db7-a4630ffed262,Joana,Blasli,Female,23,jblaslig0@hostgator.com,291-642-2132
f21d1800-43be-4409-8792-06ad2f275a5b,Bank,Soule,Male,34,bsouleg1@google.pl,498-809-8818
2e8d7c4c-5485-48a9-9866-aced76973cc0,Rhodie,Bruckshaw,Genderqueer,61,rbruckshawg2@telegraph.co.uk,870-322-2766
2cf75be0-2e55-461f-9a80-2be17b7d04d2,Charil,Connow,Non-binary,41,cconnowg3@examiner.com,966-572-1144
04d874b6-6602-4efc-b820-c304394b288a,Garrik,Wittier,Male,56,gwittierg4@domainmarket.com,485-693-7593
14343243-4a50-40ae-9cc9-bbd22284921e,Krystle,Elverstone,Bigender,24,kelverstoneg5@cyberchimps.com,693-626-1176
352df4c9-5fe0-4779-9778-6d9c99c3e60a,Nicki,Sargeaunt,Female,35,nsargeauntg6@seattletimes.com,321-757-7078
bef22141-33b3-4b86-89e3-98e6892fd01c,Reuben,Nucci,Male,42,rnuccig7@ox.ac.uk,874-198-0588
b0b4e40c-692e-4f63-81b5-500d8c2b69b7,Maynord,Ausiello,Male,62,mausiellog8@about.com,366-728-9747
74733579-f3ae-43d0-8ce3-b701964d1704,Klement,Wigzell,Male,25,kwigzellg9@netscape.com,562-246-8186
741fb98a-2ee9-471d-a2dc-6f6873240d5c,Bram,Marchment,Male,64,bmarchmentga@miitbeian.gov.cn,758-549-9295
093c7e92-299d-4000-bb2d-f989ba82661c,Judy,Willingham,Female,74,jwillinghamgb@si.edu,350-116-6586
e7ec373c-269c-415c-b662-53dc4bdfab9d,Dar,Polak,Genderfluid,41,dpolakgc@ocn.ne.jp,435-157-7245
aded23a9-5890-4e04-8726-a9b941733a70,Cart,Davidovitch,Male,27,cdavidovitchgd@berkeley.edu,261-968-3177
131f20a6-6629-47ca-b90a-eafdd62b75e8,Sigmund,Mundee,Male,61,smundeege@printfriendly.com,532-262-3405
dc4763e2-f146-4225-9454-5689caf01711,Chip,Uttley,Male,36,cuttleygf@theglobeandmail.com,639-302-7922
229f9b77-dbbc-4fdc-a72f-0447fd4318d1,Kenn,Tack,Male,19,ktackgg@ning.com,309-446-1337
656235bf-317c-494f-a7d9-6663d7de8d2a,Gwyneth,Liddall,Female,18,gliddallgh@list-manage.com,300-519-3690
94f821b0-5b91-4b44-931e-4c8c053aa5a4,Brewster,Ivanyushin,Male,75,bivanyushingi@examiner.com,531-559-3405
bb1eb944-4880-4dd4-8161-899be321ad18,Jameson,Dei,Male,31,jdeigj@issuu.com,222-213-7982
e0e1aee6-0014-4e06-814d-178a3391ba61,Silva,Blackledge,Female,32,sblackledgegk@berkeley.edu,638-402-5062
bafb7fc4-c527-4549-a197-f2c15b92d585,Leon,Hoble,Agender,74,lhoblegl@microsoft.com,842-292-0103
aacf9247-0442-4ca0-9749-ea04eaa217d9,Sherill,Curme,Female,46,scurmegm@google.cn,676-395-5245
6dac15d8-48ac-4f78-9c1d-61be2640dff3,Frazier,Townend,Male,32,ftownendgn@blog.com,122-727-0213
621f64f9-8548-4374-ab6c-b06308f6fca0,Russ,Garrick,Male,19,rgarrickgo@oakley.com,674-208-7134
c0d25e72-9e72-4f35-a561-13e6ae72eca1,Cornelius,Woolfenden,Male,29,cwoolfendengp@hhs.gov,163-388-1914
c09f4062-4104-4e76-bb5e-61be5ef8ab3f,Alasdair,Grog,Male,74,agroggq@sbwire.com,377-212-5671
bf06cfaf-0ddc-4174-99a4-99c71dd1d30c,Cointon,Coughtrey,Male,34,ccoughtreygr@goo.gl,459-469-3328
80329f52-745a-46b6-b61d-cd3f72d393e8,Winfred,Culy,Male,39,wculygs@nbcnews.com,427-865-8410
085092e6-cb56-4d65-b588-644e73a697e7,Helen,Bunney,Female,67,hbunneygt@ed.gov,669-764-2263
a3b17e8a-c2bb-41ba-a1ad-d90d895f101b,Lefty,Groneway,Male,31,lgronewaygu@spotify.com,918-500-7565
26702153-4c4b-4108-bab8-c42829419beb,Kellen,Renfield,Female,27,krenfieldgv@bloglovin.com,966-214-4788
1ef43bc3-422d-443b-a701-e285a57a3bdc,Layne,Hanscomb,Female,64,lhanscombgw@mac.com,746-500-8743
0511531f-1525-4594-9ecd-3cefe419ac8f,Bary,Speed,Male,18,bspeedgx@wikia.com,821-599-5255
af1d2d3d-c072-402d-8071-7e1da03bcea3,Marlee,Kyndred,Female,61,mkyndredgy@ftc.gov,177-665-0608
5ca8bb2a-3db3-47f1-9b5b-f2e204a3cad5,Rosalinde,Burner,Female,33,rburnergz@edublogs.org,440-205-4637
37e86c41-8c8a-48fd-a6e1-117770e433d9,Rosella,Meacher,Female,41,rmeacherh0@sfgate.com,910-737-4783
c08e4b39-ae4e-447a-a46d-2bf24949d2aa,Lemmy,Keelan,Agender,42,lkeelanh1@answers.com,960-553-4723
fa4fdb35-514c-4087-bf67-652da3db39d9,Pen,Carmo,Female,48,pcarmoh2@theguardian.com,444-597-4495
dc4f5ffa-89c9-4f56-87bf-03376216b704,Susanna,D' Angelo,Female,63,sdangeloh3@xinhuanet.com,267-228-7743
9cb4ba7a-0df5-4413-a4cd-1710d797c123,Philis,Lawford,Female,75,plawfordh4@bloomberg.com,426-638-4323
00c05854-6de0-42ec-b02d-856fdcd1278d,Cherice,Kneaphsey,Female,49,ckneaphseyh5@dmoz.org,907-389-3866
d9073e6e-44c4-4f22-b43f-72a32074f2e6,Gaelan,Baline,Male,60,gbalineh6@tinypic.com,154-863-5615
cc7889b1-953a-4403-80be-f62e81c95475,Ardisj,Buddle,Female,29,abuddleh7@google.nl,263-700-3792
16b2b8ec-ef27-461c-beab-fe3971905a0e,Torre,Jencken,Male,29,tjenckenh8@bbc.co.uk,299-576-9160
84b86c3b-2be9-40d3-8286-9fe1588a02dc,Sarine,Grabeham,Female,18,sgrabehamh9@google.fr,949-483-4628
0a81d48c-5590-464d-a6a9-feaeb0ea5d0b,Carlita,Kemshell,Female,49,ckemshellha@nymag.com,377-528-2067
80769a5d-b50a-47bd-adcc-97ca41aeb839,Halsey,Arrundale,Male,61,harrundalehb@angelfire.com,926-258-9058
a5f86107-cf8a-4f19-816f-f322e6822225,Jewell,Nangle,Female,26,jnanglehc@bloglines.com,864-695-0075
f1a0e643-528c-4132-ba8f-46230ce5afd5,Gael,Yellowlee,Female,47,gyellowleehd@umich.edu,566-727-3193
f4c3da60-ba5c-4c94-8b65-f7add89ab676,Giacinta,Duxfield,Female,38,gduxfieldhe@facebook.com,756-765-2672
54d8de45-2a62-4f7e-a86f-c4e2f1bc15c1,Dotty,Coiley,Female,70,dcoileyhf@comsenz.com,466-666-9598
2d2f88c4-82f2-4294-86d8-ae14ae0839af,Jayson,Ciccetti,Male,66,jciccettihg@github.com,235-618-2599
79960a37-5cdb-4074-9154-6926843656c8,Krispin,Bellenie,Male,20,kbelleniehh@blog.com,487-703-8989
b36daf1a-262e-4239-8517-68533523373f,Sigrid,Schankel,Female,77,sschankelhi@census.gov,109-904-7390
ee5f2ea5-add7-43cd-874b-a0b3b6fa0e39,Iago,Ayllett,Male,50,iaylletthj@indiegogo.com,340-535-4007
7aab6f54-1edf-4ddb-bba8-f0e1fa83a8aa,Morie,Storm,Genderqueer,26,mstormhk@amazon.co.jp,502-481-7095
301fc890-7cb3-4fdc-9316-cd4020cdea1e,Flinn,Nutton,Male,72,fnuttonhl@behance.net,507-769-6667
ebb4c605-bf5c-4792-831a-d844049f1126,Sonni,Allport,Female,37,sallporthm@dot.gov,579-408-2654
5405d29b-503e-4483-aaae-1f89dea3af13,Silvanus,Buckle,Male,23,sbucklehn@slashdot.org,850-711-6199
bb9e9f70-bf65-4c78-b5d2-d4ea3af142b3,Diarmid,Breward,Male,21,dbrewardho@1und1.de,757-934-9134
6b58bac4-ff69-4858-a3a3-4229c24745ff,Elizabeth,Sallis,Female,56,esallishp@homestead.com,695-218-4993
210ef7ca-5c4c-466a-993f-5800e13afa6e,Arley,McKinnon,Male,52,amckinnonhq@msu.edu,487-701-9326
1ee2d13e-55a1-45df-a8ad-44e40ef8bf43,Kelbee,Hunt,Male,61,khunthr@squarespace.com,438-279-7223
c9ed8b92-cddb-4a29-905c-3e6028a039f1,Maryrose,Biaggiotti,Female,79,mbiaggiottihs@meetup.com,848-708-4518
f54a66f4-cd5f-47fb-bbb4-3942154b1933,Nadia,Janas,Non-binary,30,njanasht@livejournal.com,566-761-7329
d15ec516-ec94-4014-8dff-d9649cfcae58,Petunia,Pfaffe,Female,55,ppfaffehu@blogs.com,340-875-9702
435571e5-b0d9-47f2-bae7-d09e4cb803dc,Kristofer,Winspear,Polygender,40,kwinspearhv@mapy.cz,909-205-7316
051fa43b-7492-408b-bf8b-22b57757d3bc,Maxim,McKechnie,Male,47,mmckechniehw@bing.com,469-125-2783
52908086-7936-4a30-8c4e-58c1fe160b3e,Isadore,Capnor,Male,79,icapnorhx@alibaba.com,594-758-5272
9b239276-13eb-4ea1-9144-9182f69df3d9,Josefa,Scare,Female,41,jscarehy@narod.ru,128-194-8788
ab1948f9-a4ea-45dc-9a73-886108741d47,Woodie,Luto,Male,79,wlutohz@dailymail.co.uk,122-114-6866
1d27d958-2511-4dce-b568-eb2412ad75ac,Dorry,Siverns,Female,36,dsivernsi0@myspace.com,319-541-9307
ed0180c3-998b-41a8-9ce1-009b68cc3395,Ediva,des Remedios,Female,32,edesremediosi1@dot.gov,830-830-8981
81b10d1a-c9c5-4827-bf0a-111b46a786e1,Worthy,Braam,Genderqueer,70,wbraami2@nydailynews.com,449-541-0688
eb386936-d8b4-4832-a90e-22d4b08fa88b,Ernie,Crankhorn,Male,50,ecrankhorni3@e-recht24.de,591-130-2542
9d6ec0b2-a3dc-48e5-8cf2-028b08481a56,Yolane,Chadwin,Female,62,ychadwini4@wix.com,250-916-5287
801575c0-13a8-4da1-b5be-e9f92c97f2f6,Lek,Stronach,Male,48,lstronachi5@goo.gl,548-612-0101
8aef35b5-4cd4-4520-8ca3-29110024a3d8,Bartel,Forrestall,Male,22,bforrestalli6@blogtalkradio.com,205-831-6407
8974f788-52b2-4a92-94d0-9b2b15f07652,Ty,Greenstock,Male,41,tgreenstocki7@symantec.com,547-760-7383
c28b8ec5-eb60-48f5-9a25-447b1ceec41f,Giralda,Athow,Female,46,gathowi8@gmpg.org,740-239-5079
c2e53cbf-a651-4000-bbc4-00eb0f213c4f,Vivienne,Quennell,Female,52,vquennelli9@shutterfly.com,263-928-3638
3999840a-3f6f-43a5-9804-00fd7e8e4f56,Andrus,Sedgemond,Male,69,asedgemondia@gmpg.org,671-621-0351
2d414cc4-26f3-4c40-b857-60db568597c6,Ettore,Praundlin,Male,24,epraundlinib@mozilla.com,660-946-6072
7db02276-e55e-4eb9-8b3b-84e94b93282f,Meggy,Disbrow,Female,19,mdisbrowic@webs.com,160-745-2460
d3b42f03-1a69-4584-96b1-13106fdc90ea,Heriberto,Sicely,Genderfluid,28,hsicelyid@wikipedia.org,330-517-3778
0347502d-24e9-4908-954e-42bcfda1ca27,Javier,Cuddihy,Male,80,jcuddihyie@jigsy.com,855-162-1699
5d37bdc2-ff0e-426f-817d-a992ad8b1420,Yves,Andriveaux,Male,62,yandriveauxif@walmart.com,648-302-6994
9273e6f0-ee1e-452b-b7a4-93325abcd9e8,Orren,Crush,Male,28,ocrushig@ifeng.com,131-541-7132
5a7ffdf6-28c7-472a-9aec-d7444a6a0f48,Zacherie,Naisbitt,Male,50,znaisbittih@com.com,526-317-0301
c99c29ee-163d-4960-97c0-ee55b18b33ab,Gabbie,Dinsey,Male,55,gdinseyii@mlb.com,563-979-5563
01efe131-37e5-48d5-93ad-6034a9d7b5c9,Collie,Blackhurst,Female,33,cblackhurstij@wordpress.org,818-239-6425
d2e9dcb8-1131-4cb7-a0cb-bdd07ce1ba6c,Elston,Ellsbury,Male,64,eellsburyik@shareasale.com,757-809-2636
b95c5911-102a-4962-9a7c-46bf1563b2b6,Tresa,Bishell,Female,37,tbishellil@networksolutions.com,438-620-7710
83fc600f-4acc-470a-9703-885f9c910a0e,Laureen,Lindeberg,Female,50,llindebergim@cdbaby.com,289-527-7193
eb9f7d90-10db-4aa6-8b1b-bb76ff6016b4,Hastings,Duffan,Bigender,76,hduffanin@woothemes.com,653-287-9634
0e56f860-4b84-48c9-8e29-f417bc2fa2d6,Gerri,Van der Veldt,Bigender,41,gvanderveldtio@buzzfeed.com,371-403-9002
d26a041d-8961-4cc4-8d12-569e48f4fc0b,Sammie,Mora,Male,23,smoraip@theguardian.com,949-388-2725
340300b1-ad60-4838-9251-233324b77595,Corliss,Beine,Agender,46,cbeineiq@wunderground.com,200-141-0952
69866f5a-ae3a-401a-a4b7-6a1faf579bf7,Boniface,Bedding,Male,77,bbeddingir@marriott.com,622-806-7019
171a4895-c82c-41c0-aeb4-a5b0f36eb5ce,Staci,McSorley,Female,77,smcsorleyis@fc2.com,176-184-2202
0cb331f5-68ed-4647-911e-a4def8ffe4ec,Terrell,Vodden,Male,55,tvoddenit@va.gov,682-314-1173
06363609-b744-4626-984d-2d554ccafb15,Babbie,Winridge,Female,31,bwinridgeiu@unc.edu,113-439-6598
b5da5b09-e0e8-448c-ab45-53b1c163837a,Giralda,Broschke,Female,32,gbroschkeiv@huffingtonpost.com,831-796-7834
37f00507-f167-4711-a1cc-7d09d90b4d14,Caria,Simoncelli,Female,36,csimoncelliiw@mtv.com,460-689-7559
58ebeaae-f37a-48f6-83f6-698189084006,Sheena,Claxton,Female,27,sclaxtonix@phpbb.com,910-234-1071
cbf8a326-7750-4182-9255-29383110afd1,Allen,Dumini,Male,26,aduminiiy@phpbb.com,581-533-6613
d72e9336-83c9-4e8f-8127-4cd3390008d6,Lanie,Drew,Male,68,ldrewiz@ovh.net,562-429-7065
36600feb-02a6-490e-8e6b-5b928ffe4d61,Rosa,Giffkins,Female,66,rgiffkinsj0@mapquest.com,318-915-4407
e1b8740d-be1c-405c-bec4-ee00a9feb647,Jefferson,Manifield,Male,18,jmanifieldj1@eventbrite.com,270-596-4715
f0007aec-75cd-4017-8739-024858ae7001,Collete,Drewitt,Female,22,cdrewittj2@foxnews.com,225-652-9890
60d80048-91bd-413f-836b-a0bee4e8ce24,Donelle,Claiden,Non-binary,57,dclaidenj3@issuu.com,643-249-7304
96c2c9b9-fffc-4a16-9cde-9360905964b0,Hilton,Jirik,Male,66,hjirikj4@yolasite.com,350-757-6199
e014dfb0-b7b0-435e-aa3d-cd8599cefdd6,Karlens,O' Hanvey,Bigender,45,kohanveyj5@merriam-webster.com,388-599-6344
c0c5a7f2-581a-478d-94ca-be2631a30d0e,Catriona,Redpath,Female,72,credpathj6@forbes.com,489-537-4688
ff5975dd-7140-4099-a60d-27e60fc397db,Myrilla,Guilloton,Female,39,mguillotonj7@odnoklassniki.ru,600-476-0434
a9c2afd0-2b7c-4a4e-8e8d-a9f9efbe1074,Banky,Parysiak,Male,79,bparysiakj8@live.com,118-399-2370
486c885b-5628-4341-a2ed-846e94e94940,Petey,Wailes,Male,29,pwailesj9@yandex.ru,784-832-9437
e7bb82a3-25ff-4432-a2c3-d7516a8e2ede,Cecily,Scholtis,Female,72,cscholtisja@spiegel.de,867-974-4953
77b9080a-a9fb-42a1-950a-6b754d85ac2e,Leoline,Rosini,Female,44,lrosinijb@sohu.com,286-902-2371
266c1601-364c-429f-b05b-c1a15908d14f,Sande,Bonnet,Female,60,sbonnetjc@rakuten.co.jp,289-862-9868
b8830f85-ac36-473e-8242-61afc2755220,Curcio,Baldrick,Male,26,cbaldrickjd@netvibes.com,404-990-3830
6c9c76ac-32d9-47a0-9b33-859850d56ba0,Port,Meran,Male,36,pmeranje@foxnews.com,592-732-0879
1d7ef4c6-8515-4647-adac-2c62cbe1c60d,Leela,Klesl,Female,18,lklesljf@noaa.gov,263-823-7858
2b2e232b-d014-459a-8283-72aba41ffe5e,Harriott,Hurich,Female,75,hhurichjg@earthlink.net,603-649-4872
4f47954c-6f25-4516-97e6-40bdf97cf1eb,Joline,Devericks,Female,79,jdevericksjh@unblog.fr,391-604-4374
d7f6ad87-d845-415c-8d2b-49fbb675c2b2,Cornall,Juckes,Male,54,cjuckesji@wsj.com,700-752-8707
cf73bfbb-8850-4de2-b061-72473131470b,Danni,Drane,Female,47,ddranejj@cbslocal.com,663-246-8392
c2cc1a3e-48dc-4208-9761-95725e7f87d8,Terry,Wetter,Female,58,twetterjk@nymag.com,551-992-8430
f48d354b-0f74-461e-8b56-5a8129a8ca46,Nickolai,Dibling,Male,23,ndiblingjl@qq.com,185-861-7893
cebc5302-ba22-401a-b206-d337d82c5ab4,Maximilien,Overthrow,Male,30,moverthrowjm@timesonline.co.uk,551-814-4107
bd4627a1-8fd3-46f5-8295-92f95949a3e1,Donnell,Milnes,Agender,22,dmilnesjn@wikimedia.org,425-327-6140
c0981763-e3ee-45c3-b7d0-34dc37aec516,Sharia,Pappin,Female,55,spappinjo@paginegialle.it,702-607-1879
cb5e328a-f0df-4152-86fc-1a472fab97fa,Maxie,Haffard,Female,75,mhaffardjp@artisteer.com,964-910-6029
532fe13a-eb52-4396-ae50-653716820e77,Mathew,Hitzke,Male,30,mhitzkejq@twitpic.com,262-871-1095
f4517e03-c327-4529-b2d6-0efa6cb2566d,Bee,Ower,Female,51,bowerjr@over-blog.com,375-432-3363
3a9bd2cf-4de1-4b35-99c7-633176a56cb1,Aristotle,Elvins,Male,49,aelvinsjs@pinterest.com,486-607-1687
7e2dc09e-5a3f-481d-82f7-af549d171980,Denney,Smallpeice,Male,74,dsmallpeicejt@usgs.gov,260-876-0716
8644b817-5d81-4091-a73b-91dbc691b057,Carlyle,Trammel,Male,27,ctrammelju@latimes.com,605-348-2584
7b8a9cec-1839-468e-ae87-2cec4a87246c,Analiese,Skey,Female,40,askeyjv@elpais.com,870-206-0595
b7cc9840-1e49-4d5b-b98d-444fecdc88ec,Guthry,Besemer,Male,62,gbesemerjw@japanpost.jp,178-184-8500
67167f8f-943a-4003-b10d-38204c18e35b,Domingo,Chadwin,Male,55,dchadwinjx@typepad.com,371-922-7586
c222642c-74bf-4237-a95d-3878aff02522,Dayle,Howkins,Female,49,dhowkinsjy@paypal.com,453-853-6292
8a62eef0-585a-4df9-a7d3-511b2cacf582,Deina,Rowsell,Female,44,drowselljz@taobao.com,606-299-0146
c444e8dd-cb3a-462f-b6e8-e3cdbc469f4a,Boris,Ibbitt,Male,20,bibbittk0@drupal.org,523-674-9183
1fbf3ef1-84f5-46a1-ba09-5ad8d310e97a,Somerset,Tillot,Male,34,stillotk1@auda.org.au,244-700-0175
e3b5d8e4-e357-4afb-b92b-3b1394670c8b,Tim,Sinnott,Male,52,tsinnottk2@jalbum.net,459-950-5045
86ced546-92cb-4fb9-9c9a-46f8c2883f34,Vincent,Haylands,Agender,57,vhaylandsk3@merriam-webster.com,144-667-0762
a83d45cd-d14e-475a-a624-bc63f9170495,Eben,Bartelli,Male,41,ebartellik4@themeforest.net,294-980-7747
41bb3239-57c2-483b-8acc-e40d66ccb340,Huntlee,Rosenthal,Male,43,hrosenthalk5@youku.com,983-797-6864
a6caf43b-9d62-4980-ba57-292190a430d8,Tobiah,Griffitt,Male,40,tgriffittk6@fda.gov,502-736-6411
7cf3d844-7208-4d4b-82bd-58b192a5cc0d,Leland,Farres,Male,70,lfarresk7@bbc.co.uk,623-469-4983
6bbb9d96-d56d-4d7e-887e-291942aa5e6d,Gaultiero,Stanyforth,Polygender,61,gstanyforthk8@hud.gov,239-393-3629
060bef01-7fd3-4f96-872e-efff1c82b0a6,Giffy,Janson,Male,35,gjansonk9@nps.gov,192-331-7171
5e82baa4-bd9c-4fc0-985d-5ddf548b62d2,Gardner,Botger,Male,76,gbotgerka@nasa.gov,587-386-8500
5dbe6da4-e506-43fa-841e-4dddbc983a89,Lou,Humbie,Female,65,lhumbiekb@devhub.com,554-906-7184
9724beb0-e65d-45d5-b355-645879623e24,Norri,Strudwick,Agender,76,nstrudwickkc@clickbank.net,863-404-2124
ecb615b0-d8ca-4346-b21f-4633fec8ce7f,Britt,Gemnett,Female,35,bgemnettkd@furl.net,866-803-8795
fbfc1d7a-8248-46b2-8af2-1b730bc9e48e,Phil,Gibbe,Male,69,pgibbeke@shop-pro.jp,881-194-8234
494d9728-e940-435f-abd8-387c9f2d1d66,Chip,Steeden,Male,19,csteedenkf@gravatar.com,373-148-0380
04761e1c-94f5-418a-b5bc-ced3f84f1c53,Chester,Kirkam,Male,34,ckirkamkg@about.com,660-223-4849
a4ed5dd7-3caa-41b9-9ba1-1da1928c1511,Kelci,Rowlinson,Female,49,krowlinsonkh@ow.ly,266-396-2558
a8ee55b8-a7d1-46c0-b703-0c10c31c24be,Cecil,Finkle,Male,28,cfinkleki@angelfire.com,426-931-9001
02462260-8f3c-4a44-b002-a686179ce6bb,Cairistiona,Timoney,Female,37,ctimoneykj@ft.com,912-422-6072
02911ae7-ab07-4e18-a897-aa4a024db755,Jewel,Radborn,Female,77,jradbornkk@bing.com,107-908-4050
32ebb07d-6326-4c37-b697-db942f28095c,Hilda,Pipe,Female,52,hpipekl@amazon.co.jp,897-603-4272
4c06323e-9620-4897-a729-ed112eb1418b,Abram,Bareham,Male,61,abarehamkm@ucoz.com,251-775-7354
75ef746f-6b23-43ce-ac43-452da5abc67a,Carlie,Mattersley,Male,77,cmattersleykn@timesonline.co.uk,268-857-9626
05be3511-89d4-495a-8bb8-d267366a6cb7,Duane,Giroldi,Male,21,dgiroldiko@toplist.cz,683-303-6263
94c52545-f8aa-42ef-9030-143e9ce74577,Jessey,Handscombe,Male,77,jhandscombekp@dion.ne.jp,751-697-0165
bbc1bbe2-af67-41b3-a47a-2758374dfd7d,Tina,Brevitt,Genderqueer,30,tbrevittkq@boston.com,594-477-8256
9f451c0b-c32c-4bb2-bc32-34a11b3bc8cc,Saunder,Petrushanko,Male,65,spetrushankokr@lycos.com,826-918-7686
e371eba1-39da-4f4b-8803-53c6667a1410,Cathrine,Sanper,Female,21,csanperks@hexun.com,601-797-1748
8f8313fa-3979-4d38-b28f-73536c2d755a,Alys,McGerr,Female,20,amcgerrkt@blog.com,459-191-9720
4c20ee53-1035-4cd2-9b2e-54855f4dd08b,Mirilla,Mussalli,Female,40,mmussalliku@chicagotribune.com,571-477-0842
40509c1c-ad1a-46ee-ba3f-5fd4c91de7b7,Robbie,McGaugan,Female,53,rmcgaugankv@buzzfeed.com,128-123-4048
0c90084f-09df-47e6-965b-96db8f09b4cc,Ashla,Kluger,Female,43,aklugerkw@spotify.com,369-718-5969
91bdca4d-8766-42aa-b15b-7e18dedfd362,Ingram,Tidbury,Male,46,itidburykx@sitemeter.com,365-272-8883
034dbad1-1ec9-4d50-a950-c5c2ab179da5,Raymund,Revell,Male,67,rrevellky@webs.com,278-361-0151
fc316e28-7c3b-495a-ba4e-427ee7e61f99,Angelo,Give,Male,58,agivekz@netvibes.com,660-601-6322
01ee6023-9728-4ab8-8ece-b52f30489129,Sollie,Lindeberg,Male,74,slindebergl0@sourceforge.net,793-915-4456
48f72926-e132-4f0f-9846-99e08adb39aa,Lion,Furzey,Male,49,lfurzeyl1@kickstarter.com,323-553-6754
84f07a4b-64ba-40ed-96f2-a7403fe0c604,Jemimah,Seedull,Female,33,jseedulll2@gov.uk,223-565-5300
0692cfa4-0493-4972-8c95-b94ad13c726a,Em,Prantoni,Female,77,eprantonil3@livejournal.com,563-797-6310
c688252f-7a9e-4fa4-a709-144d4d52939b,Allianora,Fishbourn,Female,60,afishbournl4@nasa.gov,366-245-3511
fcb64835-e565-4374-b321-2891caa4c5b6,Amber,Healings,Female,40,ahealingsl5@w3.org,831-392-2183
2282b3ee-ec70-432b-a73d-7bde8d96b13f,Alfy,McMonies,Male,44,amcmoniesl6@seesaa.net,267-234-6281
1a709a8e-e734-435e-b7a3-71fb05def45e,Britta,Lyall,Female,79,blyalll7@stanford.edu,940-350-4821
970ea96d-c12c-4d30-8da9-056a01ac39d1,Tybi,Chastney,Agender,21,tchastneyl8@issuu.com,656-971-4248
4e183acd-142b-4cd4-88ca-f853fd8c2b4b,Mervin,Chasier,Male,41,mchasierl9@soundcloud.com,165-587-5021
a031426f-cf34-49be-83e7-1f6333849a87,Ardenia,Attock,Female,25,aattockla@w3.org,340-479-4470
9b30a6b8-fde1-4b66-b87e-399cba82418e,Ray,Silley,Female,18,rsilleylb@patch.com,261-473-5931
66fdbdcd-b331-4dfb-a0bf-7355fe7a5716,Brennan,Summers,Male,70,bsummerslc@dot.gov,709-868-8906
2461e29f-8f47-4f71-a327-311cbfd3a6f5,Keir,Bryan,Male,65,kbryanld@123-reg.co.uk,362-541-0475
298dadcf-58ba-4786-826c-8dd28be776b3,Jacquie,Le Friec,Female,45,jlefriecle@nps.gov,901-379-2253
3b490d57-1e93-4d74-98e3-7637e3bdb3b5,Glenna,Leal,Female,34,gleallf@mozilla.org,658-958-7816
6ac44298-2367-4f6e-833a-ddf616c7357e,Galvin,Spensley,Male,65,gspensleylg@vimeo.com,779-385-0447
fb277bc3-0673-4cf3-a2c3-e7bb658162d2,Charmane,Field,Female,26,cfieldlh@quantcast.com,987-272-5291
33f283b8-4f10-41dd-a5de-f4ecbacf3885,Lorry,Krabbe,Female,30,lkrabbeli@blog.com,652-830-8611
36590c6e-b2a8-4b6a-a1c0-f0e7feaa44b6,Marchall,Batte,Male,50,mbattelj@bloglines.com,458-227-2058
8f91fa1f-f7c5-4f2c-8ed8-a212a6e54cd6,Morie,Morey,Male,22,mmoreylk@usda.gov,896-782-9586
0f394688-3076-4684-b6f4-fb1fc5f553bf,Ferrell,Euplate,Male,42,feuplatell@yelp.com,161-968-6090
2c487a8c-f9b0-4073-a2aa-51a405796ce8,Kristopher,Gulliman,Male,55,kgullimanlm@devhub.com,819-347-3347
b3c511b9-1aeb-445a-8779-a5e38121aed4,Cyndia,Painten,Female,67,cpaintenln@unicef.org,965-423-7797
2174aa20-f683-4368-8a24-e421f8df4754,Ernesto,Capelle,Male,73,ecapellelo@liveinternet.ru,717-715-5735
c36d622a-44a1-4b7e-a207-c86b9cadb736,Earle,Dallewater,Male,26,edallewaterlp@360.cn,573-683-0371
15278fbe-fda6-4776-8676-00f82c29ec84,Esmaria,Matthensen,Female,60,ematthensenlq@ezinearticles.com,172-803-0638
6f108796-868d-4658-8dd0-e4842d7b83e4,Tessa,Matcham,Female,61,tmatchamlr@vistaprint.com,228-407-5279
11863400-40ca-434d-910a-2e9fdb3ea9ff,Alvan,Rumbellow,Male,21,arumbellowls@deliciousdays.com,827-826-1371
7d69af96-c5b5-4cd1-b891-9df12a8e5053,Maynard,Kopman,Male,53,mkopmanlt@chron.com,430-541-3544
79861d3c-882f-40dd-8e4e-c1c0cf8024d7,Orville,Dagger,Male,62,odaggerlu@example.com,256-906-4093
a590f80b-e3df-4748-ab3d-2e1ffb7212ba,Donnamarie,Gowan,Female,61,dgowanlv@biblegateway.com,201-454-5989
f339b98d-8d2a-4f2a-8c1e-ab7cbfeeae0b,Riannon,Songhurst,Female,64,rsonghurstlw@sitemeter.com,247-506-7226
57e8d88c-7521-43a0-b042-c832290b94e8,Orson,Bunyard,Male,23,obunyardlx@shop-pro.jp,432-345-1217
09cf8280-293b-412d-9084-2b90c83258de,Adriano,Walicki,Male,60,awalickily@dell.com,907-294-0981
9ef4d8c5-5def-4b5f-b4bc-a96e81251b60,Walton,Mayfield,Male,65,wmayfieldlz@ibm.com,798-908-8801
8188a3f5-7fb7-4e1a-81f4-d4fce8d2c786,Hanna,Hardage,Female,19,hhardagem0@miitbeian.gov.cn,888-112-1693
9767af07-bc84-43b7-99ab-fda5bc65baef,Romona,Fawbert,Female,32,rfawbertm1@nasa.gov,582-903-3500
1241a059-9c3d-4093-b852-e26818d5d207,Guthry,Wardell,Male,52,gwardellm2@csmonitor.com,308-343-0178
d1bedfbf-a9b6-48ee-a133-aae406385ef5,Chad,Heeley,Male,34,cheeleym3@wired.com,939-135-1885
a89927a9-f133-4924-a107-18f5755dc724,Elane,Petherick,Female,48,epetherickm4@nhs.uk,111-814-3354
b1fb63be-a0e9-4f40-bacf-92bfedb7eb43,Bobbee,Bazoge,Agender,71,bbazogem5@ibm.com,143-397-1276
6942b6d9-a592-42a6-8ce9-ee757ca75905,Rabbi,Apthorpe,Male,66,rapthorpem6@cmu.edu,844-840-5521
cecf5f60-6ce9-4019-9282-c200d856bc31,Dalis,Kennan,Male,66,dkennanm7@mail.ru,914-953-3645
5d1b9b30-392a-4274-8a50-76ec0a44c934,Ardenia,Kittow,Female,66,akittowm8@ycombinator.com,713-397-0125
0ddae8b3-b0f4-4fb1-9c03-72f8d0c27b9a,Kain,Scoullar,Male,36,kscoullarm9@toplist.cz,179-670-8937
586e538c-841a-45f3-92fd-6468759651f6,Claiborne,Pheazey,Male,64,cpheazeyma@twitpic.com,690-287-3040
df3f403a-6cae-41e2-980c-032db4dbc1de,Kaitlin,Ellerey,Female,32,kellereymb@twitter.com,388-282-8341
549e4af0-f8a2-4b9d-bea3-c7a32d15cf63,Gussi,Gash,Female,29,ggashmc@acquirethisname.com,523-434-5687
cecb7c26-4aad-4926-bd8d-8bddc9cc3632,Hadria,Fairholm,Female,42,hfairholmmd@instagram.com,380-790-9962
7b006922-2f84-4f04-9897-eb3bd7634294,Holly,Devenny,Male,49,hdevennyme@ebay.com,670-973-6922
6465bc5f-11e9-4399-a1bd-7862d4a6836c,Faun,Merrydew,Female,22,fmerrydewmf@rambler.ru,233-369-8511
bc425742-0753-4163-a5b8-fe5a2fa6324f,Aube,Lydster,Male,22,alydstermg@salon.com,775-309-3234
87d34407-5365-4620-8533-825e1e3842e1,Laurella,Stanmore,Female,65,lstanmoremh@xinhuanet.com,374-542-8248
94d68b9b-bc34-4487-b911-a2b916843029,Janetta,Jiran,Non-binary,37,jjiranmi@devhub.com,293-431-4815
89fd859e-3b2b-4503-8bd2-934515f53901,Moyna,Ribbon,Female,63,mribbonmj@bluehost.com,253-906-3154
47a5350d-85a9-4b04-9f20-4cad504ff7d7,Rici,Kleingrub,Female,39,rkleingrubmk@squidoo.com,287-876-4858
996b7d93-942a-4f59-a821-635109184841,Krishnah,Kalf,Male,28,kkalfml@geocities.com,237-982-8038
2752555a-d6bb-431a-b0cf-7b47c651c3f3,Ardyth,O'Noulane,Female,22,aonoulanemm@illinois.edu,693-298-1990
341820e1-4161-43f3-b53a-3fa8affc349c,Daron,Clines,Female,43,dclinesmn@printfriendly.com,172-840-2058
26c7d2df-b389-4c85-8abc-ec9b9fdd3e91,Orazio,Vallis,Male,26,ovallismo@unesco.org,545-709-6744
b7fcbf91-ad8c-4ad2-825a-a6ba31e8f033,Onfre,Ladel,Male,54,oladelmp@alibaba.com,725-670-5388
a7a2f691-6271-4ec4-baef-b6c67b7db922,Thom,Schaumann,Male,67,tschaumannmq@craigslist.org,336-471-1239
579a7fd9-c73c-4b10-8928-d66409578818,Anastasie,Ardron,Female,43,aardronmr@nytimes.com,247-425-4679
0b1a0535-7456-4416-a971-8cb6697a202e,Agneta,Kobelt,Female,50,akobeltms@nih.gov,616-453-2759
a1f9354c-d49d-4468-b543-e2060a764d8b,Corrinne,Rubert,Female,70,crubertmt@zimbio.com,147-288-9838
e4892ba9-6550-4a1b-84cc-362234461cf0,Missie,Bridges,Female,25,mbridgesmu@army.mil,781-573-6733
dc3bbcc4-66d9-437f-8738-7233cfc12693,Pebrook,Cornewall,Male,74,pcornewallmv@etsy.com,767-969-6351
bd141a42-669d-40ad-9ebd-836b5703c360,Theodoric,Mowson,Male,68,tmowsonmw@icio.us,888-958-9432
92728507-ad9e-4e8b-92b6-a52ee8165c64,Myrtice,Keave,Female,48,mkeavemx@jimdo.com,903-101-3665
fd74dbe0-aa8e-4f79-99be-458e4402a3e8,Arlina,Woolland,Female,64,awoollandmy@rakuten.co.jp,856-817-1152
7d0e4147-f554-4d7d-bbd7-b8b7fa2e6b5b,Darya,Fonzone,Female,35,dfonzonemz@webs.com,111-909-7956
446e23b7-f481-434b-abd0-b9142da0aa7e,Glenda,Truss,Female,62,gtrussn0@utexas.edu,580-629-2578
ed875636-e946-4bf6-abf7-0e29e581e373,Kinna,Zorzetti,Female,80,kzorzettin1@smh.com.au,218-468-2593
4049c8d0-c97c-4407-b7a3-3acf67f60eb9,Alexander,Tabbernor,Male,20,atabbernorn2@lulu.com,604-396-3968
79ece386-71fc-4fa7-ba5a-1312787cebb6,Danya,Folbige,Male,52,dfolbigen3@sciencedirect.com,659-752-1165
d0ec1aaf-ec13-49ac-bd8d-07928cd04bee,Gwenore,Plessing,Genderfluid,58,gplessingn4@webnode.com,823-890-7848
38bc50fd-cd52-4484-8d9c-61524192878d,Coleman,Call,Male,70,ccalln5@blinklist.com,680-456-8590
4c07128c-ac87-4b1a-af10-173bc9d5973f,Armstrong,Laurentin,Male,60,alaurentinn6@jigsy.com,720-998-3104
1b7ff13a-f390-41ce-821f-7e3091be612f,Charmion,L'oiseau,Female,27,cloiseaun7@instagram.com,904-549-0693
9a4df38a-ec31-42a3-90ac-998f7bb9606f,Leonanie,Biskup,Female,68,lbiskupn8@wunderground.com,217-879-1389
73592e2a-bf6f-4475-97fc-c9915ab3ee81,Dollie,Goldson,Female,56,dgoldsonn9@opera.com,766-842-2664
dd4dee66-0d7b-4eb2-95bb-0623d8710b45,Teodoor,Filasov,Male,51,tfilasovna@symantec.com,488-449-5920
015c2c84-b379-4ca3-8f08-9f214a1b8d10,Abel,Galley,Genderqueer,49,agalleynb@ask.com,415-342-0383
8d638db2-73aa-4147-b3e7-cf2f37c8fa2b,Jarvis,Nani,Male,53,jnaninc@icio.us,311-695-3219
cf4a8e19-6638-41e6-9ba5-dffefd3c50a4,Hagan,Sorey,Bigender,53,hsoreynd@intel.com,567-959-6251
38ca6016-be27-4b49-9ed8-83064395ed30,Charis,Beri,Female,75,cberine@cbslocal.com,108-531-5938
4e6405a4-5276-4010-bea8-1e5cd5af3999,Avigdor,Westrey,Male,36,awestreynf@hostgator.com,950-690-0166
bf801dff-514a-4612-b61a-782a78b9deb3,Malorie,Calder,Female,77,mcalderng@1688.com,796-813-8199
9e3d4e77-d112-4d56-a7db-17faa3ebc164,Roberto,Sylvaine,Male,75,rsylvainenh@latimes.com,663-762-2146
0181697b-aa07-4cce-86a4-6635747bfc29,Vernen,Litterick,Male,44,vlitterickni@posterous.com,657-527-0934
2fa0d4b4-d39a-422e-a68e-2f109456efbe,Casar,Moule,Genderfluid,72,cmoulenj@comsenz.com,383-753-3351
55162fcb-0993-46dd-98e8-83cfb08a866d,Lona,Fieller,Female,60,lfiellernk@usnews.com,663-763-0908
dd92c25a-3bf8-497d-9fba-1bcd5306ca2c,Colene,Hatley,Female,42,chatleynl@economist.com,365-121-4825
199bcb81-0904-401e-9fd2-7d84f5021e0e,Conny,Mathew,Male,74,cmathewnm@naver.com,933-856-0056
40765b7f-3b29-4b19-bb31-f4f90b3d3d16,Maury,Hackworthy,Male,41,mhackworthynn@so-net.ne.jp,104-185-0187
b19991e6-58ce-44fb-a888-ccb20a4dae07,Tracey,Willshire,Male,22,twillshireno@qq.com,969-541-2230
94ae9384-54d7-4c6f-a29e-b4875fc1706f,Ruben,Masurel,Male,75,rmasurelnp@shop-pro.jp,905-730-6888
aeae2475-3f00-40fd-a063-e9a802015d2f,Karlotta,Rosiello,Polygender,35,krosiellonq@github.com,900-850-6946
e1908c0d-f875-409f-928f-a4811ae883ab,Em,Egdal,Male,33,eegdalnr@spotify.com,150-798-9436
5d56b28c-2b39-4f66-9f42-181fdf733f5c,Giacobo,Dolley,Male,32,gdolleyns@google.co.jp,444-434-0910
acc4fcc4-82ea-47d2-afc5-b01b1a124522,Abby,Mousley,Genderfluid,79,amousleynt@fda.gov,990-286-8982
56d355e3-c276-4021-b450-3bfa6c396a90,Andie,Housecroft,Female,40,ahousecroftnu@apache.org,145-704-6700
419e168b-b5ee-4d38-8e84-6dceec444441,Hillary,Chippin,Male,25,hchippinnv@cbslocal.com,255-774-1281
53c2f792-d585-44e5-b490-9a0b50d8a53e,Anetta,Heine,Female,50,aheinenw@amazon.co.uk,212-796-9621
c03ae3bc-dfb8-4ded-844b-4d867ea95ad5,Lucilia,Beggin,Non-binary,22,lbegginnx@yahoo.com,521-456-8098
adc8636d-f19e-43ca-9227-babee2e5f388,Cris,Nunnerley,Female,20,cnunnerleyny@wikimedia.org,765-942-3952
87e49080-3ad5-4002-91e4-4ccc3bbb7405,Hazel,Stealey,Male,73,hstealeynz@furl.net,125-466-5775
de1f659d-5d82-49c5-a664-deba9bec99af,Jayne,Kynvin,Female,20,jkynvino0@1688.com,524-640-8213
70804344-3816-4afd-b52f-e0e43180412a,Jonas,Fairham,Polygender,39,jfairhamo1@usda.gov,754-581-9306
975e41a2-26fc-4a5e-ba85-f3c955906ccd,Gianna,Giamuzzo,Female,66,ggiamuzzoo2@barnesandnoble.com,717-369-0356
e07a2154-0e7c-4dcf-ac20-be121b3f17c7,Marian,Dreakin,Female,79,mdreakino3@va.gov,345-121-0857
f8e96693-1d00-4993-bdef-63712f2899fc,Pedro,Moroney,Male,42,pmoroneyo4@nydailynews.com,257-571-0351
35d25dea-8913-4fc9-90ca-958a201fb2f4,Clint,Skain,Male,47,cskaino5@addtoany.com,280-842-7018
34fd91ea-04fa-4495-b550-98da907c4699,Brendin,Haysey,Male,66,bhayseyo6@washington.edu,635-409-9229
fb07e3cb-80a7-4269-b861-afb2d1da4e41,Erhard,Jobe,Male,32,ejobeo7@java.com,909-927-3633
3fef52af-0d64-4623-ac6e-0af9f0f8e742,Hamel,Noraway,Genderqueer,45,hnorawayo8@meetup.com,773-140-8103
2964186d-69e9-4314-8edb-61f51a242624,Pauly,Zelland,Female,32,pzellando9@g.co,619-232-0082
46c0ebb5-d5b8-46b9-b4dd-eefbf75daa1a,Smith,Di Giacomo,Male,60,sdigiacomooa@devhub.com,905-135-2470
1a47a6ba-227e-4f73-aa97-bc162cc3240e,Berkeley,Angear,Male,52,bangearob@shinystat.com,575-423-4286
b9a240cf-5137-469e-8dea-193899480025,Corrie,Llop,Female,71,cllopoc@answers.com,590-340-3919
098b7930-a94d-4b14-96d8-2a6d934e260d,Antons,Ferrari,Male,31,aferrariod@godaddy.com,508-585-8912
7b64164e-365c-49a5-a1cb-611e446c2452,Emelen,Scipsey,Male,18,escipseyoe@devhub.com,383-726-3975
665fd918-d9ea-44ec-9524-fef67fc3d8c3,Thor,Greedyer,Genderfluid,24,tgreedyerof@google.co.uk,948-742-3768
6b94bb7d-3b38-47a5-88eb-3c1f263fce09,Lenard,Chason,Male,68,lchasonog@chron.com,160-147-2567
cb1cf457-6004-4506-84d7-63ff79f1aa31,Lynnea,Facchini,Female,79,lfacchinioh@aol.com,579-609-9612
fb86eac5-02b9-448d-a955-20e6b92c6d91,Wendel,Quadrio,Bigender,33,wquadriooi@cdc.gov,313-585-8546
ddee8e1d-2588-4b59-abbe-a8fd827aa7c2,Johnette,Drennan,Female,76,jdrennanoj@sun.com,828-204-1595
dfc7268b-0545-4edd-ab5d-2a106572cab8,Cross,Steane,Male,29,csteaneok@weibo.com,898-654-6700
0130e88b-40f6-47dc-acc1-640aaa3fdfa1,Wallas,Yitzhak,Male,46,wyitzhakol@jalbum.net,201-196-2721
af5156f2-1633-4c96-bcba-11c9085d208f,Gabie,O'Siaghail,Agender,51,gosiaghailom@goo.gl,229-294-5548
1ed78266-db32-4344-b62f-54614b0ceb3a,Evered,Cawdell,Male,46,ecawdellon@twitpic.com,937-946-1428
af35b020-a44f-4976-971a-299e7aaf47ad,Rhonda,Witz,Female,43,rwitzoo@opensource.org,554-650-2039
55a996a6-8190-4161-9d47-c500c6400184,Margalo,Carlyle,Female,43,mcarlyleop@army.mil,350-814-5159
83ab8a88-9903-447c-b536-6b76b98f2b2e,Wilow,Cornbill,Female,32,wcornbilloq@bizjournals.com,382-695-3018
1b8e6d3b-ed4b-44a3-8324-70b9adedfdc5,Bernardo,Langfield,Male,19,blangfieldor@newyorker.com,355-914-0363
a4f6d69b-c597-4b36-8da9-1df6d8dc7f74,Fiona,Eberdt,Non-binary,24,feberdtos@cocolog-nifty.com,986-305-7415
4382df8b-66fb-4638-9a42-0be703537c92,Junie,Ricardet,Female,78,jricardetot@fc2.com,346-533-0095
7da64ce1-cbbc-4e69-996d-d1582a28b165,Broddie,St Clair,Male,35,bstclairou@pen.io,614-967-9076
2167ae5d-5dde-44bf-9893-82228c26daa2,Joelle,Boneham,Genderqueer,28,jbonehamov@jiathis.com,309-595-2178
c16334b5-2a7f-4b12-a3fc-b3e285e1140d,Golda,Lampke,Female,60,glampkeow@cam.ac.uk,850-172-0063
b075038c-cb4e-43e6-b20e-8522fd705401,Annalee,Reimer,Female,29,areimerox@furl.net,792-465-9427
887dd2e2-641f-48ac-a0a5-af452801e715,Keriann,Trelevan,Female,54,ktrelevanoy@discovery.com,303-266-9871
b88b16eb-8475-465b-950b-c12abb31cdce,Randa,Desesquelle,Bigender,22,rdesesquelleoz@arizona.edu,780-344-5038
01086e25-8dd9-497a-88b8-b2448ddf843e,Damon,Snazel,Male,40,dsnazelp0@angelfire.com,715-487-2566
6ab7d53c-c677-4f6b-a1f7-7b3b6fd04baf,Shaylah,Yvon,Female,29,syvonp1@google.ca,744-331-8115
75293bd8-d577-48b7-bf6a-9ec3366955bd,Rafa,Lunney,Female,37,rlunneyp2@aol.com,829-747-3930
6c7b572c-f396-4a4d-946c-b6b29035b551,Javier,Munby,Male,72,jmunbyp3@blogtalkradio.com,300-863-1885
a1e7e50f-5db5-43f5-9748-5fc126649223,Griffy,Bickell,Male,57,gbickellp4@slashdot.org,347-796-3764
1f151034-a721-47d9-b743-eb259235b027,Zak,Rignold,Male,40,zrignoldp5@geocities.jp,939-929-9258
e4b0c030-60da-45e4-abe2-b16bae777f54,Isaak,Hutsby,Male,74,ihutsbyp6@nbcnews.com,990-373-3841
d873d0fe-a11b-4788-85d1-dd404e425075,Wilton,Shortall,Male,74,wshortallp7@imdb.com,255-368-7845
bb849478-cd90-4e66-82e8-cb5ad0840847,Flin,Mechem,Male,73,fmechemp8@dedecms.com,737-102-5371
0fbb62ee-f179-4fa0-9480-fd72952f4d25,Melisa,Willbourne,Female,35,mwillbournep9@dailymail.co.uk,698-572-9249
25fad72f-2ab4-4b40-8945-b2539a1c461c,Armstrong,Mainwaring,Male,39,amainwaringpa@who.int,602-740-4090
c8f2dd15-e42f-422f-82d2-cc4199623602,Zed,Wagstaffe,Male,19,zwagstaffepb@lycos.com,951-729-7460
18b2ad2f-4854-498c-9224-67c554066799,Mead,Spraggs,Male,41,mspraggspc@dyndns.org,292-592-4898
6c44b142-1610-443b-9e29-01f939d1c210,Stacia,Chettle,Female,78,schettlepd@harvard.edu,122-681-6760
5983732d-6cd7-44d0-a22c-a5d11746d7f3,Aluino,Gedling,Male,36,agedlingpe@prweb.com,539-176-8391
f49108d0-23bd-401b-b112-5790f6c74dcf,Tedmund,Argente,Male,18,targentepf@dailymail.co.uk,476-100-7326
7bb27872-31d3-49d6-a4c6-67abf9d481f7,Tonya,Brasher,Female,61,tbrasherpg@seattletimes.com,377-372-0631
3694a565-14e8-4c15-923b-296aa1116704,Vyky,Armfield,Female,72,varmfieldph@soup.io,927-555-4210
291968ed-a68b-4fb1-8a83-90751e82a81b,Jard,Harriot,Male,28,jharriotpi@psu.edu,553-523-1920
15b2e4ae-33e6-4979-bee3-e12d6cce3e09,Catriona,Bickerstaffe,Female,41,cbickerstaffepj@google.es,654-496-5977
a3365378-a433-46da-bda3-5b2957eb307a,Rozele,Shepperd,Female,67,rshepperdpk@reddit.com,371-966-5458
a25d418c-b272-4387-a53b-52002470fa22,Alejandrina,Lille,Female,64,alillepl@fema.gov,979-921-3832
8d1836d4-5a65-4af3-858c-f1548beb196a,Elana,Seiler,Female,67,eseilerpm@tinyurl.com,225-549-0092
72008648-d6e6-4447-a998-04a562908b40,Aloysia,Polack,Female,69,apolackpn@gmpg.org,462-892-4895
b17d1609-6345-4916-b7c3-8fd931231bb9,Janet,Toone,Female,48,jtoonepo@yolasite.com,380-262-5744
86d33f23-f54e-4c83-9661-886eebf8f541,Gay,Markie,Female,35,gmarkiepp@odnoklassniki.ru,179-772-3089
7b131cc8-8d78-4527-bd36-1aff0b065df4,Homer,Sundin,Male,34,hsundinpq@indiatimes.com,994-849-7655
b2e1da5d-2175-46e0-af7d-ec590facfa84,Robbert,McCabe,Male,80,rmccabepr@yahoo.com,946-693-4513
e3a72841-9b58-49a3-8988-dc89fa26757e,Minor,Edgecombe,Male,51,medgecombeps@sakura.ne.jp,716-595-1024
51f9dac3-2d5e-44b1-95b2-9eeb4bae0bec,Sheffie,Polley,Male,45,spolleypt@house.gov,802-147-0299
2e427e59-653f-4d97-9e21-5040c6da46f5,Bev,Ledgard,Female,19,bledgardpu@ning.com,438-799-5777
6c787658-3604-4e26-8334-f04290090ba3,Kendrick,Benjamin,Male,75,kbenjaminpv@storify.com,882-392-1318
dfadff32-36e8-483e-853f-eb36ec835200,Saba,Kemmey,Female,50,skemmeypw@dailymail.co.uk,534-523-1746
d4f1fce6-0c2d-491d-9ebd-b785d9917452,Rustie,Stoddard,Male,32,rstoddardpx@japanpost.jp,814-539-6037
4554a9a1-8e00-44ff-8f25-6dd8cb29c5d3,Florence,Eye,Female,56,feyepy@taobao.com,922-160-8538
db6e0639-f7ee-453e-8633-40ad09439960,Theodor,Cayley,Male,21,tcayleypz@alexa.com,955-178-3516
dd95ce75-859e-4022-a6b3-db81791987f5,Lavinie,Duinbleton,Female,58,lduinbletonq0@ibm.com,910-445-9266
34910d07-09e5-4c5c-a3e8-2a8a524b0c1c,Gwenny,Crepin,Female,34,gcrepinq1@youku.com,133-402-2515
10b9d545-165c-422b-894e-6c30e86515ac,Timothee,Markushkin,Male,54,tmarkushkinq2@histats.com,323-100-3620
db1d8527-f48d-4360-af5c-0b4c5b3a23ee,Nessie,Dagnan,Female,42,ndagnanq3@mapy.cz,895-339-7738
b3e85049-4798-4b81-9ba1-8392c2b65fb7,Alameda,Forestel,Female,72,aforestelq4@unesco.org,589-372-1785
a34d9be4-b3b4-4cac-b661-a01b667bdd45,Glenda,MacKonochie,Female,41,gmackonochieq5@prweb.com,275-513-0963
1aa8072e-a4f4-4d5e-a7e0-4f48d63801cd,Mari,Falshaw,Female,75,mfalshawq6@twitter.com,214-274-0709
01be213c-ce70-48f0-af12-f88ff23b6024,Huntlee,Eastham,Male,42,heasthamq7@hao123.com,120-814-0864
8b44b249-2ed5-4d5c-908c-bdaa60ce02f3,Florencia,Woodfine,Female,36,fwoodfineq8@xinhuanet.com,469-949-4723
4d62e44f-2f24-4b1e-a2d4-f4f1a1179601,Kizzee,Cud,Female,55,kcudq9@ocn.ne.jp,909-361-7627
f095a889-cb2c-4739-9f7e-99e2368c7ce5,Abeu,Carnegie,Male,24,acarnegieqa@dot.gov,391-992-4305
62f764da-ae5b-4c0f-aa26-5d6d6be3bd54,Charlton,Starkings,Male,56,cstarkingsqb@dmoz.org,347-939-6386
c32236ee-281a-4cae-9e8c-8962ef25cefa,Tess,Matuszak,Female,35,tmatuszakqc@desdev.cn,486-233-5626
18de9dc4-9ee6-49d3-85bc-cefaf73b5430,Skipp,Denziloe,Male,52,sdenziloeqd@berkeley.edu,760-391-6990
894175dd-2b3d-4867-9052-9274a07036bf,Giraldo,Works,Male,54,gworksqe@prlog.org,948-497-5050
6388ad8e-4cb9-49cd-956a-9c684eff8ceb,Wait,Loche,Male,59,wlocheqf@cmu.edu,767-205-9656
f9d36f0e-5319-41c3-bbed-ec33da5b5b25,Delainey,Leagas,Male,18,dleagasqg@wikipedia.org,887-425-5006
023d35f7-ae9b-4cf0-bb61-3e18fb94de82,Kelly,Worrall,Female,42,kworrallqh@soundcloud.com,687-186-4826
8693c855-12f8-48ff-998a-ce148bedf47c,Taddeo,Sancias,Male,53,tsanciasqi@scribd.com,447-926-4393
9d1b1f9b-d209-42b5-93d8-aca7fa2db992,Nikolaos,Soppit,Male,58,nsoppitqj@forbes.com,670-238-9639
4904f127-a8a8-40bd-bcd4-89a3b4500574,Tiphanie,Bowes,Female,37,tbowesqk@ovh.net,917-149-5219
e22c2bc8-b20e-4f65-b3c3-990a23bb9195,Tarra,Niblock,Female,61,tniblockql@fda.gov,482-166-0839
ecd8ead3-17d2-482b-acad-dbbb31a93733,Andonis,Combes,Male,54,acombesqm@hc360.com,446-996-1561
9abba270-203a-43cf-89c9-1c2ee260c2be,Dorette,Rockcliffe,Female,36,drockcliffeqn@forbes.com,582-509-0764
07c0c80a-8fae-4df6-b3e5-680494dd2b66,Ulberto,Blinerman,Male,34,ublinermanqo@msn.com,964-393-3247
91912c9c-f545-4b0e-b65d-5893bcc330fd,Izaak,Romeo,Male,34,iromeoqp@sbwire.com,379-486-0171
882e993b-07fd-4068-82ea-a8ffe1b3bb73,Loise,Ingerman,Female,52,lingermanqq@example.com,249-174-2513
2636a9f0-84ca-4e71-9b9a-cd3bae247382,Cinda,Shawel,Agender,31,cshawelqr@xing.com,492-270-2513
150dbae3-0551-4b58-8bb1-7c28b5693241,Megan,Cullinan,Female,52,mcullinanqs@whitehouse.gov,690-568-1277
60e4f45b-77bc-438d-8acc-36cbaf559f2f,Helen-elizabeth,Pheasant,Female,69,hpheasantqt@mac.com,833-370-6758
c46f820a-c16f-4982-9d11-10c89539de84,Vannie,Murney,Female,62,vmurneyqu@feedburner.com,220-605-1147
f62b880a-ace3-4060-bb8e-b7baaf490982,Ossie,Mussettini,Male,67,omussettiniqv@apache.org,734-733-3283
2011cc65-56a4-46cb-9d2b-a37e9e9f2f1c,Lodovico,Jeram,Male,44,ljeramqw@woothemes.com,711-809-9125
5ad4a1c9-7f23-471a-82f0-831a247462ed,Karen,Clist,Female,66,kclistqx@bloomberg.com,670-177-6517
7c2a0348-38be-4d7c-9d98-0f0266f5674a,Bord,Shoreman,Male,62,bshoremanqy@pagesperso-orange.fr,198-579-0488
7fb72391-32f1-48b8-b17c-44a25f788439,Fannie,Brand,Female,52,fbrandqz@geocities.com,619-255-8336
3a6ca960-61ff-41c0-b630-d15e994ce4dc,Franny,Aphale,Male,27,faphaler0@marriott.com,774-560-1470
8d3ba65a-582d-49c5-85eb-12f6a60b8074,Hally,Davson,Agender,23,hdavsonr1@rambler.ru,444-903-1930
95406d37-739b-4497-89d5-1bb7e0a54b4a,Loy,Goning,Male,64,lgoningr2@tumblr.com,289-253-4184
14b243d3-9aa3-4002-a485-c9ce04d3576a,Theresita,Paggitt,Female,57,tpaggittr3@ustream.tv,496-767-4214
4c245e9d-76bb-40cf-b415-9789a292b0b8,Sarajane,Dict,Non-binary,19,sdictr4@scientificamerican.com,986-282-7885
fa62d1a7-d55f-40a9-a1a0-492fc1c1cc06,Gabbie,Grichukhin,Female,27,ggrichukhinr5@howstuffworks.com,893-950-5461
be5fc110-5259-46ce-a4e2-ff241ed2daa2,Neddy,Korneluk,Male,49,nkornelukr6@hud.gov,946-206-9283
e09d9c8c-a1ed-4fa9-a799-3743713191b1,Hilliary,MacCaughey,Polygender,79,hmaccaugheyr7@smugmug.com,923-170-2734
1ca69fa6-c3f9-4243-a06a-64e311ff614d,Rubina,Sagrott,Female,76,rsagrottr8@arizona.edu,344-144-8537
d398707e-98e3-451f-92cb-88f49dcc30a0,Opal,Gemlett,Female,39,ogemlettr9@salon.com,953-835-8258
2a0ed651-6762-490a-8303-4ce3e242be02,Nicolette,Goodbourn,Female,57,ngoodbournra@msu.edu,499-446-0498
b0883624-a345-46eb-9632-225e9aadb167,Ketti,Cullimore,Female,62,kcullimorerb@upenn.edu,711-215-2993
5a8877bb-a758-4edc-9f2d-d46ffc877702,Toinette,Jozsa,Female,61,tjozsarc@yellowpages.com,453-325-6651
8aad54d6-4953-47c2-b3a0-81650b00391b,Thorny,Smyley,Male,38,tsmyleyrd@youtu.be,811-483-2250
2a0f702a-c578-45f7-90ba-85efe79d72d8,Aline,Cochet,Female,80,acochetre@google.co.jp,637-713-7186
782da1eb-1897-4a32-accc-794695f354fc,Aristotle,Soldan,Genderfluid,74,asoldanrf@plala.or.jp,617-128-8640
7eaab97f-d4b3-45c9-9518-e905e9b2104b,Karyn,Revens,Female,41,krevensrg@etsy.com,316-383-9775
76030793-6096-44dc-9cae-f6e769fd2293,Armstrong,Monckton,Male,21,amoncktonrh@aol.com,462-288-2291
35b751a7-c1e7-4bd2-8b27-3751b9ca7d93,Eustace,Townrow,Male,22,etownrowri@uiuc.edu,715-369-3847
1ef56032-67b8-4691-93af-c0847eeaa627,Scotty,de Guise,Male,22,sdeguiserj@opensource.org,160-824-9396
f0fdc2a9-b106-4637-8be4-bf2781109e27,Michell,Harwin,Female,35,mharwinrk@goo.gl,270-531-4521
f339d627-4bd5-4c9a-b074-3da5c0299f40,Jenilee,Bertie,Female,80,jbertierl@parallels.com,554-390-2173
9c2aebf0-304c-4939-baa9-3ba4e0b0c5cd,Ignacio,Bridgestock,Male,50,ibridgestockrm@tripod.com,108-236-2618
343149da-c19c-4f4f-b870-b5871e07531e,Tarra,Guirardin,Female,23,tguirardinrn@yelp.com,504-752-5557
12d10628-88cb-444b-a664-68c2066b3516,Nannette,Fillary,Female,28,nfillaryro@uol.com.br,808-435-1960
d28f05fb-55dc-4b80-8111-4ccb878f91be,Diena,Perett,Genderqueer,60,dperettrp@cnbc.com,518-299-5613
872892bd-2b11-4379-8076-321927808459,Rogers,Hallitt,Male,37,rhallittrq@smugmug.com,928-854-2473
04d49385-3ab0-4297-9511-209d79871aab,Marwin,Kemson,Male,77,mkemsonrr@admin.ch,850-530-5875
