UUID,first_name,last_name,gender,age,email,phone,visits
3c31d93c-a668-4f24-b44e-91663b9a03e6,Trevor,Richmond,Male,26,dpether0@independent.co.uk,998-516-8206
fe2342e4-c6dd-4828-9d7f-a277be7f57fe,Hunter,Girvan,Male,24,sledrun1@ft.com,318-448-6435
3fa013e8-3c17-11ed-a261-0242ac120002,Judge,Judy,Female,66,iberthomieu2@networksolutions.com,706-521-4022
659dee12-2f27-4a22-8f89-c2bbe822e681,Tanhya,Mill,Female,25,tmill3@nasa.gov,158-498-5132
2b4fe26c-c82c-4605-aee4-c6b742bdacc1,Ashla,Rodge,Female,70,arodge4@stumbleupon.com,254-967-1946
fe82215b-d883-47f8-a897-e23dc34ea451,Nessie,Demangeot,Female,21,ndemangeot5@usda.gov,744-172-5299
fbf4c245-db9d-4895-b206-40fefbb0e11c,Mariam,Hewkin,Female,22,mhewkin6@fastcompany.com,710-403-3839
9059df12-b11a-4cc5-9c2c-91d2bcc6dc19,Ysabel,Ditchett,Female,73,yditchett7@tinyurl.com,986-550-1402
d1a80d49-533f-4a5d-9de5-de2250cf8d15,Jeralee,Scrogges,Female,70,jscrogges8@google.nl,108-703-8190
aa207484-c656-4590-b719-0c9b55aa3652,Murdoch,Maudlen,Male,70,mmaudlen9@wikispaces.com,554-822-1197
1d247561-1845-49d6-8fbb-5a88e7040d80,Jojo,Pettegree,Female,18,jpettegreea@booking.com,156-402-0715
c548d8d8-4fa5-478a-9a12-b1fac8241a2d,Myca,Heninghem,Male,27,mheninghemb@t.co,731-107-0131
d9a49bca-bf78-49d6-a056-507d3ad05289,Carmelita,Mewburn,Female,56,cmewburnc@reddit.com,583-996-7777
a59069c1-2628-499b-8229-9af9d51d5ebf,Gearard,Tupman,Male,59,gtupmand@state.tx.us,268-394-8551
2a76c628-c267-4732-ae3c-b33a76a5eb4b,Free,Ambler,Male,70,famblere@hhs.gov,483-832-7545
6dfa082a-b35d-46eb-afb4-3f82399167e3,Sargent,Bleaden,Male,37,sbleadenf@merriam-webster.com,915-788-1080
29153a12-80c1-4c78-a1c8-eec279dcebcc,Pail,Jori,Male,20,pjorig@discovery.com,750-905-1228
ea136f4d-f0e9-4d22-880a-fdd8da468c7c,Joelly,Broggetti,Female,20,jbroggettih@microsoft.com,596-493-8567
15eafa8f-6c11-414f-af70-92f7ccab7c5f,Saxon,Yellowlee,Male,28,syellowleei@youku.com,215-930-3152
f01a9b32-ff0e-4d20-b412-8b7e92958aad,Stewart,Gipps,Male,37,sgippsj@mediafire.com,959-133-5539
48734c2b-5149-4904-bf65-64af904534b5,Nady,Wetherhead,Female,32,nwetherheadk@netlog.com,831-284-0267
b42b1299-bfe0-4887-9645-3fdec07ca554,Evin,Hynard,Male,47,ehynardl@cyberchimps.com,651-629-9694
a4c5a4af-c661-4648-ad93-a5222890990f,Sonni,McGeffen,Female,49,smcgeffenm@gmpg.org,899-923-4309
d82fb218-e8d4-4a75-b543-4e9a2ed3a6c0,Randal,Wessel,Male,74,rwesseln@guardian.co.uk,887-346-0811
203d3b08-b255-4102-86df-238a98f59670,Emalia,Capeloff,Female,55,ecapeloffo@barnesandnoble.com,470-327-6126
cb383a9b-a1cf-477a-80eb-185f89c688a4,Robb,Plumley,Male,68,rplumleyp@ed.gov,931-333-2659
7849d4b1-1c89-4887-9d89-05a539ab92c5,Lee,Carletto,Female,45,lcarlettoq@cmu.edu,645-889-2996
14dc7796-5bf1-48b8-904e-00d555fc4806,Michaella,Sommerville,Female,19,msommerviller@skyrock.com,163-560-0865
8165b0e3-c301-4115-aa15-57847de742c2,Quincy,Barnett,Male,39,qbarnetts@senate.gov,346-166-7329
1c5195bc-1299-4d3a-a71a-44b10032cfc0,Bond,Georgius,Male,32,bgeorgiust@google.pl,961-411-3940
00e1fe8f-8c96-4290-8113-f87b129b43af,Shanda,Irnis,Female,59,sirnisu@fema.gov,964-506-1868
c529da0e-6740-4027-a171-1f3855cb8344,Mireille,Splevins,Female,45,msplevinsv@google.co.jp,103-592-5863
2ab09eca-24af-4b18-b951-3214da668c64,Martguerita,Hughlock,Female,61,mhughlockw@smh.com.au,662-847-9650
e9da6e80-fd15-4435-bc96-3ac2aa324603,Cathleen,Mallaby,Female,61,cmallabyx@hubpages.com,343-938-6012
32593fae-d3ad-4c33-b888-acfb3b642a61,Knox,Pailin,Male,60,kpailiny@xinhuanet.com,210-523-2972
84d73573-6116-471a-82a7-48453e4582b0,Novelia,Castell,Female,46,ncastellz@wp.com,352-395-1091
2e5cc148-043d-460c-8e80-c4a1fe6b689b,Silvano,Karlik,Male,40,skarlik10@feedburner.com,142-843-0983
8d9fdbda-9ba9-44c0-8a6b-59fe5f73dddf,Janith,Pragnall,Female,42,jpragnall11@blogspot.com,248-821-3803
a403dc87-61c0-4c8a-98e4-a49a833607bd,Marchall,Bomb,Male,59,mbomb12@gizmodo.com,299-554-3417
e17ac2b0-2a04-45e1-9289-53397acaa52e,Tamas,Slidders,Male,70,tslidders13@apache.org,773-937-1095
3ed9494a-3a82-4e60-9805-86fac552ac21,Tuck,Clash,Male,32,tclash14@google.it,594-949-4493
1f233ba6-679b-4109-a261-5c5f0c6ab4bd,Vaclav,Greim,Male,42,vgreim15@dyndns.org,664-997-0169
f93a900d-4aa2-478e-a81e-1195d9b7d50f,Davis,Hedditch,Male,64,dhedditch16@hao123.com,651-712-3672
2e35bf72-2593-41cf-9264-0833ebb629e6,Shurwood,MacSporran,Male,68,smacsporran17@prweb.com,193-639-4025
79026d27-e496-40c4-9220-bee87c022286,Patrice,Folbige,Male,34,pfolbige18@cbslocal.com,964-479-4003
8b0bf0a0-a2b0-4031-a708-bfebf326cb23,Killian,Heasman,Male,43,kheasman19@newyorker.com,171-886-7946
96bec675-a2c1-4b28-bf55-472cd1abd7b5,Vinny,Rentelll,Male,66,vrentelll1a@pbs.org,849-549-2934
592fb277-e97b-40cd-bded-a5945bb425a5,Clay,Dundendale,Male,61,cdundendale1b@washingtonpost.com,345-928-9899
90560550-d137-432d-bad5-02dd9dd6dcaf,Adham,Dinsell,Male,44,adinsell1c@dropbox.com,455-556-9239
7cb3aace-f30e-4c47-ba2a-186ad190dbcd,Tani,McMearty,Female,38,tmcmearty1d@spotify.com,959-766-7034
e3f1935e-e51a-4cd6-98ca-8a0f129d9986,Melly,Coveny,Female,18,mcoveny1e@flickr.com,521-259-3283
092c9035-73e2-49ab-9b79-aa7e63cf7a2f,Ginnie,Deboick,Female,24,gdeboick1f@icq.com,698-703-7699
953f19b9-cc83-4a25-94c2-043c057a99e7,Renault,Cronk,Male,65,rcronk1g@gravatar.com,265-913-4410
7ee580e8-8ca5-4c9c-8401-7c5050e3aa43,Zarla,Spenley,Female,44,zspenley1h@webs.com,285-957-5095
8562427b-1211-42ba-96f5-40449d76a3a5,Marlie,Rochewell,Female,28,mrochewell1i@gov.uk,326-932-7906
d63383f7-b779-4785-81ca-e6d279adc37c,Lulu,Veschi,Female,45,lveschi1j@ucoz.com,165-434-9692
3a621a7f-f0e7-497e-bcc7-a257bb8fb2d0,Linda,Van Der Walt,Female,68,lvanderwalt1k@angelfire.com,604-965-9035
9ef12914-6d1d-468b-99e1-6609f578c489,Blithe,Hymor,Female,67,bhymor1l@cmu.edu,603-123-2193
1007724f-f366-4e40-97a8-822cd09597f6,Rosa,Andersch,Female,51,randersch1m@intel.com,898-960-1644
b90e4888-bba3-4422-8549-3fe2117da610,Kalle,MacKereth,Male,74,kmackereth1n@histats.com,991-183-5351
b38546b2-9489-41ac-987e-ac371863851c,Cris,MacColgan,Female,63,cmaccolgan1o@twitter.com,362-169-1885
de582025-1663-4eaf-a233-a5c5c4f7f1ab,Isidora,Debrett,Female,36,idebrett1p@utexas.edu,294-276-3711
68f64518-3149-46f0-a80a-12ae114c45e1,Gerhardine,Skellon,Female,63,gskellon1q@vinaora.com,936-979-6938
b3023f2d-48c3-4f76-9ca0-e97eb5feefa8,Shalom,Stowte,Male,45,sstowte1r@ihg.com,375-795-7705
b64876a9-70c1-40b2-93e5-c99540fc0dcd,Valerie,Westmarland,Female,55,vwestmarland1s@usgs.gov,595-289-9173
bef1c493-afab-471b-b44e-0a1c4918da70,Pauly,Laimable,Female,47,plaimable1t@nps.gov,380-394-2847
020c4a07-2e8f-4670-b0f5-f10fb6d0b795,Dolores,Balam,Female,26,dbalam1u@mac.com,847-730-9135
2653bb9f-449e-48fc-b4e1-9e4c8da57a21,Ana,Rollo,Female,52,arollo1v@smh.com.au,819-853-5682
b256457e-2327-47e8-b0d8-81f01f96fc01,Emiline,Fearnill,Female,41,efearnill1w@hexun.com,936-363-0040
f9daefbd-f3d4-4cd3-842b-bf66f851e77b,Dulcie,Wenban,Female,53,dwenban1x@businesswire.com,458-127-6093
b12cb448-a7d0-4f1e-95f4-f5c86c749034,Colene,Cullabine,Female,76,ccullabine1y@amazon.co.uk,647-326-0235
c92c05bb-0cb9-4f4b-933b-c10891d99fa9,Kandace,Huxtable,Female,80,khuxtable1z@cocolog-nifty.com,764-732-8550
e2588e45-48cf-4bce-a22c-d8123551f0c9,Edi,Farthin,Female,74,efarthin20@yelp.com,146-541-3568
8be39ee7-ea8d-43cb-ad35-076fc3e244e4,Keen,MacKenzie,Male,19,kmackenzie21@1688.com,823-970-7238
d69a6deb-7ae0-4480-9e45-6fc0f9a35504,Jill,Slay,Female,79,jslay22@purevolume.com,176-481-7748
d6262615-c08c-4286-8728-69cd7e79e581,Eal,Briars,Male,46,ebriars23@ucoz.ru,196-686-4135
0f8e34c2-cd2e-442e-a884-4fb4643fa069,Blayne,Coneley,Male,56,bconeley24@un.org,108-722-2292
63665c6b-4dd1-42ed-b329-b84361bb49c3,Oberon,Minot,Male,28,ominot25@kickstarter.com,753-927-6484
099fb932-dce4-4b58-86ba-48f96b319312,Margi,Langhor,Female,24,mlanghor26@globo.com,691-606-1531
56246068-6953-496d-90a8-7a68d982e017,Dion,Bhatia,Male,59,dbhatia27@usnews.com,514-468-0668
16e1bc92-4e1c-4120-9e97-0c9eafe9034e,Ruprecht,McGiff,Male,72,rmcgiff28@vimeo.com,481-570-9361
7eb41616-b730-459e-8d7d-ba7a78a1ee2b,Willette,McFadin,Female,69,wmcfadin29@harvard.edu,954-102-9131
953ec5f5-85ff-4824-87e3-42a997934a4b,Ambrosio,Eilhermann,Male,71,aeilhermann2a@yahoo.com,696-393-1750
467fed0e-dff6-442f-84ec-b1e29942ead0,Kyrstin,Walton,Female,21,kwalton2b@webmd.com,241-128-0859
dc1339f4-88ae-46f2-a380-7efb5676723a,Philippa,Lindborg,Female,57,plindborg2c@booking.com,775-458-9185
ae48abe4-04e2-463e-8feb-cc05ac91796c,Aguistin,Pawfoot,Male,38,apawfoot2d@e-recht24.de,798-842-3320
e30ab448-e642-47c5-a5b4-2f823fba2c28,Jo,Fitzer,Male,28,jfitzer2e@pen.io,292-940-6917
5d0c7e34-f669-4f3c-977d-4e473291f9a7,Pincas,Bergen,Male,33,pbergen2f@sakura.ne.jp,127-762-7215
cac0319b-6beb-42c4-9e37-412702df2502,Byran,Aucourte,Male,67,baucourte2g@wordpress.org,281-761-2289
78a8983e-87b8-4efc-baac-0dd3931a339d,Lee,Ridge,Male,32,lridge2h@feedburner.com,196-231-4212
c4bec7a4-ea1f-4041-9eb0-41a5216e8952,Albertine,Cutchie,Female,32,acutchie2i@hibu.com,997-991-1759
2345ad62-71f8-4e63-b245-89e9c0c3bff5,Miller,Gaunter,Male,31,mgaunter2j@hexun.com,244-863-2398
5dd999b7-4f16-401b-bd37-4e8343149d54,Terza,Goosnell,Female,77,tgoosnell2k@hibu.com,573-993-8775
73aa0dfe-c3f5-4d47-93eb-77c5ee05e81c,Elisabetta,Burtwell,Female,22,eburtwell2l@tmall.com,322-694-7593
9d49ffff-8f71-4391-b816-4281255b0a1f,Brook,Kleinstern,Male,20,bkleinstern2m@w3.org,352-406-4476
31105d4c-284c-4a48-88af-0cd1e7b0fd1c,Alie,Paragreen,Female,54,aparagreen2n@amazonaws.com,685-378-3247
a5be56d2-b0a5-440e-8689-3a164b97e226,Morganne,Paur,Female,74,mpaur2o@homestead.com,419-878-5937
e5bd65ed-1c6b-40a3-ba2f-21c62f7c4555,Carlen,Edgeley,Female,64,cedgeley2p@msn.com,949-403-1878
970809ba-865e-48a8-8d9f-0da60eab329c,Benita,Wardrop,Female,43,bwardrop2q@reverbnation.com,294-349-7052
18b9105c-9518-4e31-9f80-106fed71b6ec,Noni,Wanell,Female,79,nwanell2r@yolasite.com,161-441-1437
cea9f803-ec24-42ee-8bd6-56c0a2b59c1e,Willi,Ciotti,Male,74,wciotti2s@about.me,192-954-0482
736d7cd6-35c8-4100-96a8-1ddeb16b032a,Fred,Trayhorn,Female,52,ftrayhorn2t@reverbnation.com,251-363-7081
388841ce-9fa6-454a-bf31-cee1d5c87fc3,Melli,Tomczykiewicz,Female,42,mtomczykiewicz2u@tuttocitta.it,994-818-9178
e9556df7-adfc-4917-92ff-1c901f02a9b7,Weylin,Stride,Male,67,wstride2v@facebook.com,672-741-9797
3fc37ccf-48ac-4875-aace-399baa2ca50c,Paten,O'Hartnedy,Male,74,pohartnedy2w@wikimedia.org,113-699-5742
c19be6f5-1793-4084-b9ac-32c35fd32a21,Arnie,Matyas,Male,36,amatyas2x@simplemachines.org,738-397-2794
b13f7631-245c-46e8-a1da-435a6a7b9c8c,Freddie,Levine,Male,40,flevine2y@home.pl,570-669-4253
97309ed2-a5d0-4ec3-a19b-3394181e0c56,Donny,Ledwidge,Male,38,dledwidge2z@nbcnews.com,641-717-2556
e242c924-a3fe-4822-8018-d122af352e6e,Cate,Drackford,Female,38,cdrackford30@huffingtonpost.com,882-217-1852
5efe532d-22cd-409b-98e1-1baea9f879c4,Sherline,Balam,Female,50,sbalam31@stanford.edu,248-800-5908
b5bf6bdc-d391-418a-a871-2be8761ad83f,Jacquette,Butt Gow,Female,42,jbuttgow32@addthis.com,921-655-8730
34a66e7d-b56f-4f7d-b169-b11191533831,Karlens,Scaice,Male,34,kscaice33@mayoclinic.com,756-841-0387
61165a37-7dee-4e08-9d8a-269cad0adb08,Stillman,Corbould,Male,19,scorbould34@upenn.edu,730-319-6288
b40bf2e3-1c53-4a3b-90c2-69a987d83660,Margy,Romanin,Female,43,mromanin35@t.co,816-148-0743
d70e620b-d7f4-41cc-bb41-485dd278d882,Hi,Lympany,Male,53,hlympany36@cnbc.com,364-640-9869
dfa22041-57c7-4755-a55a-aaf20c550ae9,Jorry,Babalola,Female,56,jbabalola37@spiegel.de,801-756-1875
4f898a49-6bdd-4262-8f8b-e9aa93e9e340,Yevette,Reddle,Female,68,yreddle38@alexa.com,469-689-8529
7a1d553f-8747-41ce-93fb-faf6d3f5f928,Rebbecca,Papa,Female,36,rpapa39@nifty.com,165-334-2785
208d2c54-3f69-4e76-bd0d-e542ff227477,Markos,Lodin,Male,31,mlodin3a@cargocollective.com,718-924-4048
66a53b1a-8e3d-400e-aacc-8fea5755e060,Carena,Hinkes,Female,64,chinkes3b@time.com,673-786-0632
ecfdd7bb-fa04-4611-afd0-512989708924,Nadiya,Bartel,Female,19,nbartel3c@earthlink.net,908-250-7600
75cbc78c-fbd9-4eaf-b1d0-dc233777fc08,Frank,Placide,Female,78,fplacide3d@friendfeed.com,108-389-9628
96cd3835-8cec-4726-bfe5-78987433e32e,Cecil,Zorzin,Female,49,czorzin3e@mac.com,319-902-9742
1554d0f4-c76c-4ed0-b259-733591567b63,Phineas,Corrigan,Male,33,pcorrigan3f@plala.or.jp,528-882-7431
abf09ef6-726a-41d2-8eca-1faeaca0a82c,Zarla,Langdon,Female,56,zlangdon3g@bloomberg.com,869-831-8611
20a00575-2f08-458f-b40b-dfb47fdff410,Salomo,Sparey,Male,22,ssparey3h@squarespace.com,136-453-0964
1cb9fd0c-097a-40f1-8d6a-48e610a582d8,Rafa,Hustler,Female,58,rhustler3i@tumblr.com,702-933-0431
7aeeefdc-adf0-475e-9d4f-384030d03f19,Maddi,Umbert,Female,69,mumbert3j@sphinn.com,137-775-7707
a6d34c28-44f6-4183-82ad-6c14a762ad86,Maurita,Laffan,Female,56,mlaffan3k@networksolutions.com,373-487-2376
146f69fd-3b17-44d5-9e1e-390eef085274,Shelbi,MacIntosh,Female,77,smacintosh3l@usa.gov,869-714-1887
282cbca9-a411-4b07-8c05-0af9f564c998,Goldia,De Brett,Female,68,gdebrett3m@amazon.com,194-774-8853
5ac57aa5-7213-435a-8845-acaee747ba59,Mirabella,Ashlee,Female,66,mashlee3n@si.edu,195-730-5578
7b4295ef-b87f-4cc1-9073-0a6da5c02047,Rhodie,Gawne,Female,75,rgawne3o@soundcloud.com,257-970-8057
e4fbc805-b7e8-40cc-9d9d-2092ddd30ded,Tana,Shapcott,Female,59,tshapcott3p@odnoklassniki.ru,684-433-7340
e8b66026-1a03-4e58-a3ae-bc3a485ff4fa,Vaclav,Aleveque,Male,80,valeveque3q@biblegateway.com,681-825-8191
6ee1ffb7-752f-4813-8969-2f92b29ff0dd,Ninetta,Cornish,Female,34,ncornish3r@cisco.com,536-362-4306
989cf729-8181-4f1a-848a-23c7d5543c7e,Willey,Pelosi,Male,67,wpelosi3s@zdnet.com,821-282-0127
ca937a14-892f-4ffd-85a2-99ed761d88b7,Giffie,Twigg,Male,31,gtwigg3t@ft.com,166-363-1919
cf238635-3520-4028-b7cd-665f7d0dbde2,Chad,Loadsman,Male,75,cloadsman3u@bluehost.com,645-459-2661
3f6bcde5-31e3-4bff-8f76-4bc97b389305,Hazel,Hellikes,Female,26,hhellikes3v@jimdo.com,656-856-0657
acc5f735-c736-4bb2-a91d-70b6777f7dd6,Mada,Dealtry,Female,33,mdealtry3w@mapquest.com,787-258-4656
f945bf22-afea-4c92-9a39-67de2976823d,Meier,Sayles,Male,62,msayles3x@webnode.com,307-603-7337
dca9bf68-4ece-473b-a2ed-4806ccbbe0b1,Ranice,Valencia,Female,24,rvalencia3y@apache.org,140-684-5769
7b99fd87-4214-4a4b-8ad8-d05773f9fea8,Buddie,Garrard,Male,38,bgarrard3z@flavors.me,905-915-0592
89e45e26-dd5b-4d3f-8d2b-0f3557059c43,Mellisent,Bonnesen,Female,39,mbonnesen40@php.net,256-156-9245
327c536a-24c6-46cd-ba2f-62ff9b18a946,Violet,Prior,Female,33,vprior41@comcast.net,449-917-6931
eb992450-a88f-443d-8b85-f52effcb89a9,Anselm,Bloom,Male,68,abloom42@networksolutions.com,536-153-2642
f288b19a-9520-49e2-8800-da35d8b24cb3,Dorise,Aslum,Female,61,daslum43@delicious.com,964-477-8574
2b971979-b329-4d2d-9a0c-5e1cddb6ad23,Heinrick,Camilleri,Male,32,hcamilleri44@themeforest.net,873-753-2539
3e7f98c3-12e7-4e72-8ca7-5659187a4ac2,Nydia,Iaduccelli,Female,74,niaduccelli45@over-blog.com,476-170-7916
278c2b90-0263-4363-a89d-0fec6f2e1d24,Cecilius,Kiraly,Male,27,ckiraly46@tinypic.com,271-682-2611
394c0b50-bb70-4715-9f42-c0f883f1612d,Rodney,Lack,Male,59,rlack47@blogger.com,824-486-3285
014a4e6c-c694-49e0-af02-d124dee5aec3,Gary,D'eathe,Male,41,gdeathe48@si.edu,360-533-1734
bb8d7d87-69b1-4f4d-9074-b20c8203a9c6,Clayborn,Skeels,Male,61,cskeels49@ustream.tv,405-419-8947
17af8eeb-ffe8-4e57-805c-c2894e007a07,Floria,Cane,Female,56,fcane4a@eepurl.com,334-392-9251
a35220e2-187f-4373-bfd8-a1d398a9f092,Izabel,Kerfoot,Female,37,ikerfoot4b@freewebs.com,303-440-7917
4877b856-0927-46cf-86a4-025295f865c9,Violet,Craigheid,Female,79,vcraigheid4c@tuttocitta.it,772-677-7101
bed47618-ed6d-430f-83d3-83e11ed84e51,Cara,Piscopiello,Female,74,cpiscopiello4d@senate.gov,465-849-9043
48abd876-d98d-48bc-aebe-f62ffaf81b92,Nathan,Hully,Male,67,nhully4e@marriott.com,185-292-0818
9667c507-4f09-4d91-9e5d-28cc00cd63f9,Ransom,Crook,Male,52,rcrook4f@theglobeandmail.com,202-614-7679
7dcc4543-3608-423c-ab81-fa7571af0706,Marylinda,Meatyard,Female,47,mmeatyard4g@earthlink.net,181-173-8113
eae619c9-f9fe-4446-95dc-7f5f56d5c2b1,Mei,Rainsbury,Female,48,mrainsbury4h@reference.com,373-768-9700
721ea226-b738-4e50-ab7e-dadca960b4dd,Dwain,Prangley,Male,42,dprangley4i@bbb.org,858-327-7057
b678f7e0-0da2-456e-9836-60d401d9e5b6,Guglielma,Stidever,Female,24,gstidever4j@sphinn.com,647-540-2435
0baa6e6a-e0bd-42c1-8dd8-de658974fc71,Doloritas,Linnock,Female,35,dlinnock4k@google.es,199-659-1962
d31df380-f04e-4361-b8cc-c11da0b7dfc3,Rodrick,Beringer,Male,32,rberinger4l@simplemachines.org,468-420-7550
d8294b05-97cf-4165-804b-f0e1572d71c7,Emyle,Lyes,Female,75,elyes4m@tripadvisor.com,413-395-5491
62b8f8f2-f3c7-488a-af08-8830f087a2e1,Saxon,Paszek,Male,73,spaszek4n@cdbaby.com,337-690-2102
84c8df8c-a734-422e-995e-24649bd03c6b,Joscelin,Stratten,Female,62,jstratten4o@tiny.cc,571-149-3376
6a136bbd-34f6-4dbb-8a82-c0f1ad0485e1,Branden,Haward,Male,34,bhaward4p@about.me,638-415-3345
e3ce5a01-2d0d-4800-bde9-f5a65af6d8dd,Lissie,Ivkovic,Female,50,livkovic4q@ucla.edu,927-277-1005
4f772817-c04e-4f80-86eb-23d3c5eb521a,Callean,Larsen,Male,60,clarsen4r@yellowpages.com,313-482-4539
40258185-7040-4437-ba2e-5c847b2c8b94,Fairfax,Bousfield,Male,38,fbousfield4s@dell.com,301-151-2052
63d87286-e831-4293-aff4-40b52cb31daf,Dore,Comber,Female,62,dcomber4t@fc2.com,329-955-3318
bdce8967-1419-4acc-a3f7-53d1688b029e,Thorny,Bonett,Male,29,tbonett4u@oracle.com,749-980-3429
8d8b7d3f-4ac4-4f79-aac2-3527a88d2b68,Wilona,Rigbye,Female,45,wrigbye4v@nydailynews.com,670-288-1443
a28d019b-777b-40f9-95fe-9f5469813201,Lazarus,Matuszewski,Male,72,lmatuszewski4w@eventbrite.com,245-753-9409
86a21b2d-73c9-478f-b6ac-14df6bfa39dd,Camel,Muldoon,Female,54,cmuldoon4x@discovery.com,986-254-3831
59d16c42-21ba-4996-ab48-966d2c025543,Kristan,Cuardall,Female,47,kcuardall4y@stanford.edu,822-370-1717
52b8a004-f992-4453-b210-c210af3231d7,Georgina,Camilleri,Female,64,gcamilleri4z@ucsd.edu,101-905-4835
7e90a1fb-2940-4579-b235-ed76bfb1ce98,Lanie,Godbert,Male,18,lgodbert50@nature.com,872-929-4147
88635090-d419-4445-a60b-6e1a7b1b94e7,Reeba,Scarborough,Female,38,rscarborough51@moonfruit.com,549-428-1036
0648b6bd-010d-4f6d-9627-7ac6c9716930,Adelheid,Thowless,Female,39,athowless52@hao123.com,146-422-4205
a028d63b-6431-4c6a-abf5-f52dcd25e1e6,Deena,Likely,Female,18,dlikely53@ted.com,420-233-0682
c35c4753-577e-45fe-866f-ab9b1cadaad2,Juliana,Lilloe,Female,66,jlilloe54@economist.com,814-605-2599
99ab9196-f6dd-4ca5-84fc-b09f34ced42d,Marge,Nequest,Female,62,mnequest55@icio.us,511-933-5514
d6a78882-94a4-4641-9f54-91894061b742,Orelee,Bryers,Female,38,obryers56@sitemeter.com,272-863-5505
f59f54f2-edce-4f40-a579-fdf3f2d1e74c,Rorke,O'Garmen,Male,77,rogarmen57@globo.com,630-255-3595
5c1eaeb8-4dea-4f37-95e6-5b45c0479459,Lock,McQuillen,Male,78,lmcquillen58@theglobeandmail.com,470-867-3304
8c355d15-c2fa-4ecf-bd52-95415ec81430,Leopold,Sends,Male,43,lsends59@cafepress.com,578-812-6616
8a0d7bef-bd3b-4e4f-826a-23d4115a7f48,Erastus,Creighton,Male,48,ecreighton5a@naver.com,210-754-2971
8bb5b57e-c0ff-4fb1-8b30-28285b3aad08,Raviv,Epinoy,Male,58,repinoy5b@privacy.gov.au,642-991-8384
0415a477-379a-433f-b49e-c133d8d5b919,Hilario,Uebel,Male,40,huebel5c@miitbeian.gov.cn,229-189-8577
e6f9c14c-f6f9-4d19-9f70-96291aaddf1e,Linn,Gorry,Male,71,lgorry5d@yellowbook.com,823-436-5054
7b178652-bae2-4439-8248-189e67f4b545,Curry,Heathcott,Male,75,cheathcott5e@typepad.com,728-975-1163
d0c7ab8a-a1ea-4b82-bc85-c58d9d17f32c,Misty,Drinkhall,Female,53,mdrinkhall5f@cbc.ca,877-112-6297
04b19507-28ec-4575-9a15-c25a260e7f53,Iain,Simoncelli,Male,48,isimoncelli5g@bloglines.com,294-310-7039
dc7719f9-213a-48f9-aa76-841c00f99e6d,Yank,Luckett,Male,24,yluckett5h@chicagotribune.com,166-663-4189
06852e1e-38a6-44f6-a474-09fa261b796c,Doyle,Phil,Male,58,dphil5i@stanford.edu,590-215-0913
30ddbed6-9d22-49de-af61-fa5f99c1850f,Jared,Steanyng,Male,18,jsteanyng5j@comcast.net,639-481-1969
94cbb7a9-9157-49b6-a5ad-960035b5240f,Kissee,Whapples,Female,35,kwhapples5k@epa.gov,159-313-7218
6f1d370d-3915-4147-ba7a-eb79e503db7d,Norbert,Bonehill,Male,35,nbonehill5l@soup.io,585-420-5499
49220e26-cc44-4b4d-8ca9-46dd8c870376,Normand,Schubart,Male,48,nschubart5m@indiatimes.com,557-775-4599
3394f636-8953-4641-8dd2-5fbe50aeff9d,Sherry,Badder,Female,32,sbadder5n@seattletimes.com,267-384-1605
561987b7-e7c3-4654-80cb-ebd07d252180,Johannah,Garstan,Female,38,jgarstan5o@japanpost.jp,391-954-7370
a3f0b6e6-2ae5-4ed9-988f-60e146fe414c,Palm,Fernihough,Male,79,pfernihough5p@google.pl,462-324-7481
71b20bef-0218-4246-9449-01efc68c1260,Bram,Buchan,Male,18,bbuchan5q@howstuffworks.com,277-969-4926
8a371322-386d-49c7-9511-e3bf0e8bfd6b,Carce,Christofides,Male,27,cchristofides5r@usa.gov,536-110-4113
198e0d1e-2198-4bd0-bdbd-3eb2ba489952,Leicester,Birkbeck,Male,76,lbirkbeck5s@engadget.com,679-675-9303
a9eb7e73-4197-416a-a308-60702bf69a56,Bliss,Adamkiewicz,Female,60,badamkiewicz5t@arstechnica.com,697-927-0338
c2c9cd12-456c-4742-8a5b-17b57bb77a78,Deedee,Darbey,Female,32,ddarbey5u@vk.com,956-449-3017
c77ce03e-1676-4dae-8123-3bc0f2bae85a,Daron,Camelin,Male,55,dcamelin5v@wordpress.com,388-658-6089
e239afb4-a01e-4808-87a8-85791c35f604,Vivi,Marwick,Female,53,vmarwick5w@bravesites.com,860-972-1759
64f237b2-a5f7-4a1f-9467-3d1070617c78,Bonnibelle,Kingh,Female,24,bkingh5x@amazon.co.uk,439-614-9721
aa6c70ab-a87c-4764-8fbf-5cb1d1845ee4,Claretta,Giraudeau,Female,73,cgiraudeau5y@cbslocal.com,736-753-2316
cc03e97f-b538-4b7c-b7fe-019d4e35ba1d,Mina,Riveles,Female,61,mriveles5z@addthis.com,342-423-6272
be327087-913b-444a-9bdc-293b1fde8377,Uriel,Tubbs,Male,46,utubbs60@smh.com.au,842-104-9854
bdd86bfc-4f82-4401-8f44-04e8bf662ffb,Lesli,Blowen,Female,73,lblowen61@shinystat.com,515-716-9431
09087066-882c-4010-bad8-92f8e047aa62,Blake,Seamon,Male,53,bseamon62@vistaprint.com,224-281-5055
cc7d798f-9f14-4bb5-9015-38789180fe30,Maxim,Carson,Male,25,mcarson63@slideshare.net,512-475-4895
88af5aaf-7284-491a-a18f-3cc8873a228a,Brynn,Hightown,Female,22,bhightown64@xinhuanet.com,161-608-7243
695a564a-24f6-4d6f-8a50-87a0c0003e05,Beale,Gennrich,Male,77,bgennrich65@infoseek.co.jp,840-141-5529
4d89849a-d947-4f11-b1de-844e1dece2da,Jordanna,Laherty,Female,61,jlaherty66@mysql.com,580-190-6567
3a174d3d-3c37-4eae-9939-5a4f70c13c4c,Ced,Okker,Male,26,cokker67@networkadvertising.org,774-355-8173
117a1551-afa6-462f-aacd-1910fe023098,Westley,Millsap,Male,19,wmillsap68@salon.com,316-177-5877
0965b74e-470f-4d10-bac2-7818a1d589e2,Batsheva,Govini,Female,75,bgovini69@sitemeter.com,253-890-4680
ff4247ee-b7bf-4a79-a042-7a9d3041b1b2,Florentia,Morratt,Female,31,fmorratt6a@gov.uk,456-207-7440
97702e6f-6625-41a9-a80d-1bda483f8d7e,Barnaby,Borrow,Male,75,bborrow6b@walmart.com,658-922-6435
55b3fc09-2f05-4cfe-91bb-3c16b9652274,Catlee,Lisamore,Female,80,clisamore6c@bloglovin.com,297-574-9602
3a30d8c4-b7d3-4259-ac35-89aa49272f40,Berky,Geraldi,Male,60,bgeraldi6d@utexas.edu,995-314-8896
44553420-fda5-4254-90e3-8b7ea8b7463e,Vasili,Norewood,Male,26,vnorewood6e@auda.org.au,337-560-4299
a2d0597f-0a2b-4fe7-9da8-7038e450bc7b,Damien,Lewendon,Male,52,dlewendon6f@usda.gov,248-449-2893
2c52bff7-4ec0-4519-a8c1-234ae496746c,Pablo,Coulter,Male,76,pcoulter6g@xing.com,721-657-5463
0d144b0c-8ba3-4834-98bb-6e60a22cca59,Kellen,Rosengarten,Male,61,krosengarten6h@theguardian.com,337-207-2849
d9279c68-d2e2-4f1a-ae27-e5a11dea5b33,Rosemary,MacGibbon,Female,33,rmacgibbon6i@mac.com,602-372-0765
df848b89-fcc5-4d71-ba2b-1f23474382e0,Rollin,Schimpke,Male,75,rschimpke6j@archive.org,988-392-9638
232d80b7-5cd5-44b8-ad98-56918322feb0,Danell,Clendennen,Female,59,dclendennen6k@addtoany.com,607-649-1342
780e9deb-8ec1-488b-9370-21a480967320,Ezequiel,Reinhard,Male,49,ereinhard6l@google.co.jp,467-946-2067
6c8a01a4-516b-47f1-8c9b-7401d55bd81f,Ianthe,Bims,Female,79,ibims6m@instagram.com,942-682-2969
a0f56eb4-4e81-45b1-a232-1896ee57bed4,Robb,Dowty,Male,50,rdowty6n@acquirethisname.com,851-605-7017
15a96ac3-c0a3-411f-9134-df20d78b92db,Anallese,Maxsted,Female,79,amaxsted6o@usa.gov,638-724-3329
3a0344e3-ccb0-4283-856f-0be4df742dac,Lewie,Febry,Male,46,lfebry6p@ow.ly,488-789-2361
91097b12-5fcd-4c71-9dda-4414ede017a2,Claudell,Ricker,Male,38,cricker6q@theatlantic.com,751-381-5093
ae779c9d-811b-4de0-912e-a47db8872f08,Dill,Deinhard,Male,47,ddeinhard6r@hostgator.com,559-710-7583
9cbcac14-8d03-4ea8-a262-3312fcfa80ad,Salomon,Royson,Male,20,sroyson6s@ezinearticles.com,629-374-5211
8bae4fc6-93c5-48f4-bd82-3af846753400,Wat,Achromov,Male,47,wachromov6t@ucsd.edu,969-416-6197
57389f2f-ed4f-43f5-b8f8-3228397a12f6,Randie,Rowthorn,Male,53,rrowthorn6u@cloudflare.com,133-550-4599
77b58481-b439-4489-945e-43563a8e01d7,Luca,Yantsurev,Male,44,lyantsurev6v@thetimes.co.uk,417-923-8164
6aa2f638-570c-42d6-9ed4-fe257c96239b,Burton,McGrayle,Male,60,bmcgrayle6w@blinklist.com,681-703-2987
d796b7d2-a8c6-4c0f-8e29-07716b1bb90d,Tamera,Mixer,Female,59,tmixer6x@weebly.com,861-495-8895
e98caa81-1c86-4f36-8667-22b5542427d8,Kenyon,Raffels,Male,22,kraffels6y@ameblo.jp,295-184-0987
072e517e-6960-46e9-853d-8e5652f7aa4a,Ignaz,Westwood,Male,46,iwestwood6z@google.com.hk,340-974-2397
698428e1-8488-428a-b0bf-438edfa217b8,Stanford,Peter,Male,31,speter70@jiathis.com,399-116-1683
0423f2e0-6e92-40ce-afe0-fc1c4d79df15,Rozalin,Mc Pake,Female,39,rmcpake71@nature.com,258-160-0819
4debfffc-cba7-4ce7-8f15-95e8058ea6bb,Trude,Garrold,Female,73,tgarrold72@omniture.com,400-626-9993
91c3191f-825d-49a6-9416-0f9f04ae5125,Concordia,Odhams,Female,25,codhams73@cafepress.com,689-671-0606
7407ffad-71ef-490d-a634-677a07002c44,Etheline,Joinson,Female,69,ejoinson74@infoseek.co.jp,336-506-2716
206cc6e2-378f-4759-9529-a2e2b1f909fe,Bibbye,Whitsun,Female,67,bwhitsun75@ask.com,418-445-3587
ea637f15-e0b0-4214-a4f4-c0f16be03d04,Allan,Ventom,Male,38,aventom76@over-blog.com,422-852-9639
d3d09943-7211-4cb3-b2b9-d5ebd93e8b35,Clyve,Thams,Male,36,cthams77@friendfeed.com,510-922-7610
9dca97ef-1769-42a0-b753-d4358e3c48d3,Saw,Oldcote,Male,43,soldcote78@tripod.com,399-252-0942
e52d8199-a3a6-4354-a2d5-e99415462213,Kaine,Sutheran,Male,78,ksutheran79@etsy.com,476-402-1447
eaf925d7-d390-4351-8404-54e6ab824ee6,Darnall,Sandlin,Male,32,dsandlin7a@desdev.cn,568-276-2231
ea44a17d-7dbd-4698-89d8-4a8585ad679a,Tamqrah,Longfut,Female,67,tlongfut7b@desdev.cn,475-589-0470
41ecf0f7-eb29-49ca-b100-19b9bcdee7ea,Elva,Phillcox,Female,37,ephillcox7c@noaa.gov,291-726-3585
2c2e7bcc-f33f-4b2e-aea2-ab51280c0b1e,Lamont,Heathwood,Male,76,lheathwood7d@booking.com,616-825-6805
25f46f35-cf32-4ea9-b1e9-bdea7984822d,Tabby,Frayn,Male,54,tfrayn7e@cargocollective.com,218-700-1395
2226d992-14cc-4bc2-81ea-978302adda7b,Hedda,Beddie,Female,75,hbeddie7f@gov.uk,293-862-8428
286f4d81-347c-4370-a830-2037128df123,Cordelia,Hoofe,Female,34,choofe7g@dailymotion.com,687-740-4754
622e21d4-9524-4882-8468-662b4adc489c,Basia,Paquet,Female,20,bpaquet7h@scientificamerican.com,177-319-8981
85599b77-5114-4e1e-9139-eb2a053599ec,Alvinia,Medeway,Female,51,amedeway7i@who.int,301-198-3968
d29b6953-b421-4752-a245-218fca21d548,Tallulah,Quest,Female,25,tquest7j@yelp.com,397-715-0714
9ff65b21-c8d8-43ce-8a83-adfb812dc482,Toni,Adamolli,Female,25,tadamolli7k@yale.edu,179-642-3440
6e47694b-2b1c-40d7-b90f-2ad10c9d65f5,Griffie,Cornely,Male,48,gcornely7l@ucoz.com,158-109-1538
a2199675-224c-4b39-b27a-a064cb3f28fe,Kendre,Krolik,Female,36,kkrolik7m@usatoday.com,121-997-5475
436ede83-ee03-453e-968f-dfc57878718f,Carolan,Duxbarry,Female,68,cduxbarry7n@so-net.ne.jp,774-491-2573
37a9fde2-73c1-4c6c-a7d0-8207d6a2020d,Lorelei,MacTavish,Female,64,lmactavish7o@homestead.com,893-478-6432
4072f6d4-365a-4aa1-b375-7ecf98572826,Ody,Harses,Male,52,oharses7p@wisc.edu,620-776-1723
0dc228fc-b40b-4d73-b2ba-961782dbd5d4,Fiona,Enrigo,Female,68,fenrigo7q@huffingtonpost.com,853-516-8638
51bf6b98-6a07-4f40-a3d7-26ce65c276ee,Izaak,Wapples,Male,57,iwapples7r@w3.org,959-763-4410
7243c950-b6f0-4584-94ff-a057493f67b5,Gloria,Digance,Female,65,gdigance7s@posterous.com,713-684-1032
dde040af-fb63-4540-bb3c-fa472bcef37c,Dietrich,Danieli,Male,39,ddanieli7t@smh.com.au,578-603-1309
80d371c2-deed-4484-baae-ef472d48b264,Corrie,Lewins,Male,32,clewins7u@army.mil,240-560-8897
3324cb86-2086-4e50-8583-27fbd84eb002,Jaquelyn,Hundley,Female,65,jhundley7v@auda.org.au,328-384-6211
65b34e85-03c0-4941-9169-9b99bb76fe64,Hesther,Crackel,Female,67,hcrackel7w@spotify.com,916-738-7513
ee068e5d-8deb-4c4b-a708-7e0ca57613ae,Jacky,Tingle,Male,66,jtingle7x@yahoo.co.jp,550-932-6876
5f6bb71a-027c-423f-9b62-6c74b5019cbb,Andrus,Widdowson,Male,30,awiddowson7y@joomla.org,823-914-5420
21a8544e-0036-4676-8da7-def1e24708f6,Allin,Benyan,Male,37,abenyan7z@bloglines.com,650-651-9626
4980d4cd-9b78-40f2-8252-a3e282369ab4,Carly,Babin,Female,29,cbabin80@flickr.com,981-455-0539
71d39bc0-47b1-4da1-9883-6d807e0d7631,Homerus,Hutfield,Male,47,hhutfield81@google.de,231-597-7661
d5d46985-61f7-4645-8cd9-063d8d3367cc,Chloette,Raubenheimer,Female,20,craubenheimer82@bbb.org,702-752-7406
02e6fa5e-6dbf-4405-8cc7-8ae183c82e11,Florance,Chipping,Female,50,fchipping83@theatlantic.com,932-390-4050
8c1290b6-adca-4c0c-8a18-d4c5c6046874,Franciskus,Yellop,Male,23,fyellop84@lycos.com,188-883-9670
4416ccc6-d097-439c-a69a-cf364ca80430,Bruno,Lovett,Male,48,blovett85@noaa.gov,367-628-4138
8a5d3525-cc0b-4c3f-ba8c-0f888fb94daf,Jourdan,Achurch,Female,51,jachurch86@example.com,293-589-3119
b2257eaa-7f22-4f12-af16-dbcd333ee66b,Erminia,Capron,Female,22,ecapron87@last.fm,822-517-3327
c7f2bd35-1fd6-479a-873b-bfcd59574f88,Arney,Largen,Male,31,alargen88@jiathis.com,125-505-9651
e961f242-f8a7-44cd-9642-b520ab3e2bde,Kriste,Blackden,Female,37,kblackden89@oracle.com,828-584-9942
3b3b2316-e801-4a22-b964-9e95b3fbfbd7,Emyle,Hartegan,Female,52,ehartegan8a@marketwatch.com,107-461-4128
fb262b82-8145-49ef-b305-f717be261b89,Darnall,Ghiriardelli,Male,31,dghiriardelli8b@google.co.uk,980-393-6370
3e5695b0-459c-4ca3-8170-c016d4e8705a,Zsa zsa,Addenbrooke,Female,22,zaddenbrooke8c@cam.ac.uk,105-184-9956
24c8d44a-f962-4426-885b-cf73cc4779a2,Archibold,Howkins,Male,23,ahowkins8d@marketwatch.com,848-172-5936
997141b5-dec7-4582-a9bf-bdb61b80ec93,Lezley,Abel,Male,50,label8e@wsj.com,543-746-5429
1b8bb767-3cb9-44e4-9f5e-3ff92807117f,Edmund,Menary,Male,49,emenary8f@homestead.com,700-493-0651
2c47656f-c8fc-4fa2-8701-8e3b6c5fff77,Ives,Bifield,Male,58,ibifield8g@bbc.co.uk,831-436-1669
0b016ee3-bf68-43af-925a-248013e10bff,Weider,Manilove,Male,53,wmanilove8h@gmpg.org,137-177-4390
ff13fc13-cda7-4954-9082-d7ec3ad50ab5,Guntar,Layne,Male,63,glayne8i@quantcast.com,324-360-5635
c157a12d-6c53-473b-9de8-da7448e52003,Letizia,Wicklin,Female,52,lwicklin8j@cnet.com,203-718-2570
ff41186d-beef-47cc-ba39-7d33990a1656,Marna,Kondratenko,Female,51,mkondratenko8k@photobucket.com,240-808-0916
249154bd-16da-45a9-90c7-e78d55d54e97,Lionel,Foulkes,Male,58,lfoulkes8l@linkedin.com,726-143-4964
a0881e1b-3475-4a3f-a2db-ec356afa88a0,Estrellita,Woollacott,Female,36,ewoollacott8m@elpais.com,976-984-7448
6a67d8ca-b67b-43df-97b9-96ba433da6c6,Prudence,Brocket,Female,58,pbrocket8n@friendfeed.com,159-725-0996
90395c69-1b61-435a-9535-1f66888b5941,Auberta,Tilburn,Female,34,atilburn8o@angelfire.com,889-900-8731
bebf401c-17cd-4854-b5ca-0eeac74c4baf,Gibb,Chessill,Male,64,gchessill8p@phpbb.com,728-800-8899
9bbce702-7557-4e5c-90f6-f6749102e8a2,Gregorius,Clemmensen,Male,27,gclemmensen8q@yahoo.com,957-642-0759
b73acb4e-bc83-41ab-b9c6-41aa08df8c00,Othello,Barbary,Male,57,obarbary8r@senate.gov,246-782-3815
c5f8009f-9f2c-44a8-87fc-e10697f8bce0,Lucas,Perrot,Male,34,lperrot8s@hexun.com,253-532-1054
e823a7ba-e3d4-4524-83c1-f70bb65cae31,Lucilia,Bilney,Female,54,lbilney8t@imgur.com,656-793-8936
8a1e5c39-a1e1-408a-b474-461a5881d0fa,Hervey,Peasey,Male,43,hpeasey8u@chronoengine.com,195-306-6053
a41465ba-4f93-412b-baea-1828e6949327,Evelin,Arnoult,Male,69,earnoult8v@google.co.jp,728-276-3425
d8cb9147-98eb-4316-bc48-47ffb2f34d76,Corabel,Scotchbourouge,Female,33,cscotchbourouge8w@huffingtonpost.com,155-975-9342
23b2f207-ea2e-41a1-a289-4d46ad70cd18,Wilfred,Robecon,Male,19,wrobecon8x@ehow.com,561-687-8309
3b3df3bd-ff31-4402-907a-52a9f5335d6b,Lamond,Toffler,Male,22,ltoffler8y@dedecms.com,955-707-2047
72e792e9-5c37-451f-a793-5e98e47e4184,Ciel,Frodsham,Female,64,cfrodsham8z@so-net.ne.jp,778-352-0134
21422406-9d88-4a0c-8fe1-53dc6694a3ac,Heinrik,Goare,Male,25,hgoare90@php.net,183-521-7624
fa1e4c54-b6c3-4e8e-9951-3ff80202e13a,Martie,Mort,Female,64,mmort91@spiegel.de,150-703-2223
74dd32d6-f611-41cc-b453-1b91913ceffd,Abbie,Bills,Female,69,abills92@theglobeandmail.com,455-195-9506
ff4a5cd6-4324-489d-9b2b-656cdd6179c1,Redford,Borer,Male,26,rborer93@imageshack.us,995-542-7313
2b5cecd6-e543-4099-9667-0e3c296cd393,Dorian,Ovid,Male,65,dovid94@rambler.ru,500-140-9662
e5811b31-3fe0-4e2a-8fac-4708eea3e024,Colman,McShee,Male,68,cmcshee95@reference.com,535-474-7746
72c9d37c-ff84-427b-ad47-b18b56ad43a5,Karlotta,Willett,Female,56,kwillett96@statcounter.com,542-993-9750
1e58593f-1fbf-449b-99fd-addc74a2794f,Papagena,Hacquard,Female,61,phacquard97@aboutads.info,911-251-1857
8b968700-fe81-4761-9e89-c1642ffddb59,Ilka,Duncklee,Female,61,iduncklee98@bbc.co.uk,935-134-7846
ce553c13-417b-4c54-983b-43a781e01caf,Roth,Burch,Male,72,rburch99@163.com,938-360-3632
fb6fa361-46f1-41db-808c-5b2c28a090a3,Patrica,Bottomley,Female,63,pbottomley9a@illinois.edu,889-406-6484
b5a3cd3f-0e93-443a-97f5-cd08ab6435ae,Rafi,Cavaney,Male,48,rcavaney9b@theguardian.com,359-216-1240
a434f49a-71a2-44b2-b756-f9269beffbe2,Jsandye,Windle,Female,29,jwindle9c@shop-pro.jp,557-253-6813
5cf58051-b2d7-44e4-b827-be6ccc583cfd,Orland,Walne,Male,22,owalne9d@prnewswire.com,493-849-9952
ac8cacb2-35f8-4bb5-8e77-58979f213ce9,John,Barthropp,Male,53,jbarthropp9e@abc.net.au,638-783-1864
9aa59949-a944-4e0f-9c0d-6115b529e593,Sebastiano,Oakeby,Male,52,soakeby9f@usatoday.com,707-508-8195
b00f4548-ed48-4510-bf8e-cabe39e536fd,Mellicent,Lortzing,Female,77,mlortzing9g@alibaba.com,925-251-5305
1b4c13ce-7446-4524-b6ab-f743afb1c8fb,Averyl,Sperry,Female,50,asperry9h@weather.com,640-853-1614
7cd02130-e715-42df-a051-680302a1e10d,Justis,Lishman,Male,59,jlishman9i@cdbaby.com,774-266-0707
b4cabd91-d8a9-4126-812c-cbd00713d20a,Marti,McCaughren,Female,59,mmccaughren9j@prweb.com,941-658-4121
6bee267e-a7e4-4e3a-a92d-9033ba9f4da4,Farand,Heffron,Female,70,fheffron9k@angelfire.com,806-948-6683
f8c6f4ae-d8d6-4e03-a025-401e9de6a2fe,Niki,McNeigh,Male,70,nmcneigh9l@barnesandnoble.com,445-561-4742
33235175-b909-40e0-b28e-aafe33bad50a,Cari,Lampitt,Female,55,clampitt9m@blogger.com,395-442-3541
1f867eb4-5112-4fd3-97e2-fd092a83e614,Codi,Jarlmann,Male,45,cjarlmann9n@netlog.com,266-581-1792
579dad27-cb1c-449d-81f6-7ddbbdb692f6,Ariana,McGilleghole,Female,58,amcgilleghole9o@cafepress.com,378-348-6246
2433cf4a-09c8-40d7-aefe-672cc8aac985,Delmer,Southgate,Male,59,dsouthgate9p@desdev.cn,816-341-1749
918fa389-42cd-4be1-8240-65f27a956e50,Emyle,Oseland,Female,31,eoseland9q@ed.gov,312-244-2127
2cebad80-b187-4ea4-a584-f8a4ebd8e01b,Arnie,McLenaghan,Male,26,amclenaghan9r@moonfruit.com,265-275-1052
02c2abb0-c890-41f9-a6bd-ef7b3afdfb13,Bartholomeo,Faccini,Male,36,bfaccini9s@zdnet.com,647-178-5677
aafdd8f3-1930-4638-a777-bb67fbc05744,Cyril,Frediani,Male,25,cfrediani9t@reddit.com,377-236-7904
5b48dd76-b439-4980-ba7f-19ce61b91dc2,Terry,Stoop,Female,30,tstoop9u@unc.edu,622-526-8958
0df0f9ba-7595-41f9-a46d-68153fba84e7,Reider,Klimas,Male,76,rklimas9v@plala.or.jp,921-332-4137
f0b355da-93ed-48a0-9098-f705f6a45d28,Nevin,Columbine,Male,42,ncolumbine9w@discovery.com,668-595-2491
5916e30c-4025-4839-aa8d-1059bef69d88,Kellie,Tonkes,Female,80,ktonkes9x@army.mil,879-750-2777
c87988bc-284a-42f1-9b8e-a4d6e131191a,Osbert,Bousler,Male,41,obousler9y@shutterfly.com,430-533-1049
b8f0ea39-bc2c-4f88-a2ba-842b309232a7,Fanchon,Prichard,Female,27,fprichard9z@prweb.com,705-331-6062
612e6efc-715e-4a3d-82f7-46410f54d899,Lindie,Kempstone,Female,40,lkempstonea0@auda.org.au,414-477-1830
1c2e9398-48b8-4a0d-a282-7ae33fef193f,Jyoti,Hadwen,Female,31,jhadwena1@e-recht24.de,945-924-4328
480f1196-4d94-42da-b539-d5e6698431de,Trstram,Lundberg,Male,31,tlundberga2@shop-pro.jp,763-346-6962
6189ba3d-473e-41f2-8ad8-1ac32e667885,Waylin,Thody,Male,66,wthodya3@nytimes.com,317-360-5477
42ad9bfb-189d-4305-83f5-8e9d6d9a3ac7,Nelly,Eddison,Female,32,neddisona4@bloglines.com,757-592-6300
fdd09bc0-6ce3-48a7-a617-63d27364eae5,Benedicta,Hedling,Female,80,bhedlinga5@wp.com,267-604-9339
b4d44d97-05e1-411a-a9d7-ad638e9b8724,Avery,MacNucator,Male,65,amacnucatora6@nih.gov,355-590-5162
1e81a324-96b3-4dc8-b66e-96f5b3af745c,Jannel,Nanuccioi,Female,55,jnanuccioia7@aol.com,794-221-4468
0fcd83a2-acce-48cb-b13c-8ce6ff955b46,Colette,Bresnahan,Female,41,cbresnahana8@shareasale.com,537-373-5708
6f0d05ab-c413-4005-ba77-2f31982dc64d,Keven,Duckers,Male,79,kduckersa9@businesswire.com,364-577-2599
3c34d21f-91ae-4d65-9235-afe6ae9f6e21,Lanna,Luciani,Female,59,llucianiaa@example.com,508-427-6272
5b32ce26-a8c4-4578-9d5c-180321b11626,Lyman,Eastgate,Male,27,leastgateab@123-reg.co.uk,491-258-8254
c8c1ac81-0e86-4ffe-b807-025e7d2323b0,Charmine,Halburton,Female,58,chalburtonac@about.me,389-624-9047
165f00ac-4969-4efd-96ba-85ce533542d2,Marja,Lodden,Female,25,mloddenad@virginia.edu,214-219-6711
a9b7002e-e911-4617-95b1-bd0a22916d12,Chrisy,Dougherty,Male,69,cdoughertyae@parallels.com,854-625-0971
db14ef10-4959-46d9-a995-90d3223e9994,Cecile,Gunningham,Female,59,cgunninghamaf@imdb.com,530-107-0244
b2f90d78-7ae3-4ce1-9777-e4600d0992e6,Nananne,Matkin,Female,38,nmatkinag@fc2.com,494-990-6346
60b3df5f-0447-43fb-954c-f853eadadbdb,Milzie,Gallardo,Female,48,mgallardoah@upenn.edu,468-431-3237
8e7c1290-d4f6-4bf6-9c5a-331f4cb7674c,Wilbert,Penwright,Male,35,wpenwrightai@addthis.com,662-481-7862
91e7b1b7-cedb-4a01-a1e4-5351dd0bc6f8,Georgette,Koles,Female,40,gkolesaj@europa.eu,803-745-5173
a4e58a4f-d630-4707-a76f-1f7e57e326e4,Hynda,McFarlane,Female,73,hmcfarlaneak@psu.edu,756-298-8461
548083dd-f9d1-4ec4-b9e9-898d42eacb5d,Christophorus,Habbijam,Male,61,chabbijamal@archive.org,349-404-1936
40eb0430-be9b-4ab7-9204-c7d920b573c3,Ragnar,Krale,Male,64,rkraleam@digg.com,488-270-7102
529833b9-f7a6-4c0a-adcf-e747a15cc4b1,Marcy,Dwerryhouse,Female,20,mdwerryhousean@flavors.me,317-549-3719
2b8820be-fd6b-44f0-bfdd-9e669ce7e98c,Isacco,Weeke,Male,73,iweekeao@chron.com,789-616-0015
909cccc6-7535-481c-be01-fb6245c0dbcc,Gregoire,Postgate,Male,71,gpostgateap@toplist.cz,954-701-8621
e70a38ba-79f1-42c6-b81d-ed811f17d3f5,Roxie,Oldaker,Female,66,roldakeraq@biglobe.ne.jp,391-254-5262
4a9c8359-3528-4a2c-98d3-1729565ec283,Dame,Chaudhry,Male,57,dchaudhryar@a8.net,554-374-8438
692e2d59-a8e4-40e9-a057-c9fec531c05f,Adrian,Goodboddy,Male,76,agoodboddyas@ezinearticles.com,784-866-8130
d42f33a1-9c01-43f2-9b8a-20749277c495,Ulrick,Rhoddie,Male,31,urhoddieat@goodreads.com,295-639-4154
8648f4da-ae4d-4a9a-b7f3-1174dadc8090,Yuri,Hrishanok,Male,51,yhrishanokau@vimeo.com,856-626-4317
d13b8977-679d-43ad-9847-5856f62f85d4,Gilburt,Pople,Male,36,gpopleav@desdev.cn,472-517-6387
cfef768a-a351-4c36-8d43-9c0a7f547c03,Lynn,Crock,Female,53,lcrockaw@histats.com,863-441-8148
57d4ab4a-1f0f-49ad-a831-9295f3d5bea0,Algernon,Hutcheons,Male,51,ahutcheonsax@prlog.org,336-319-3320
79399bc9-deac-4de8-80b1-529ca1d4fe42,Leonerd,Matresse,Male,40,lmatresseay@zdnet.com,784-759-6437
23c0fe95-0931-4cdd-8ae2-19d8df59a6e4,Reidar,Casillis,Male,60,rcasillisaz@oaic.gov.au,606-967-9609
0695f933-e803-44d9-b22b-3caa7df24695,Neal,Quantrell,Male,43,nquantrellb0@cnn.com,280-110-9680
3fa8bf5e-b19a-4521-9cc1-b49f633e6564,Dilly,De Freyne,Male,58,ddefreyneb1@abc.net.au,762-742-5850
6d595c62-0144-45e4-bb1d-62d7489c3ff6,Jone,Bellows,Male,69,jbellowsb2@huffingtonpost.com,822-845-7971
ff66248f-4dab-4dd9-852e-067d84d95b85,Solly,McKeurtan,Male,72,smckeurtanb3@mlb.com,515-111-2312
8a342769-b7b5-40a7-aca3-f8c4a49ed34a,L;urette,Rigby,Female,30,lrigbyb4@biglobe.ne.jp,970-729-9592
7eb20180-8353-4f76-846e-94b011e59c16,Brear,Brettoner,Female,76,bbrettonerb5@flavors.me,198-720-0244
e3fb113a-a369-436b-82e7-7fd16c3d7667,Amii,Hincham,Female,69,ahinchamb6@intel.com,442-257-5560
fa5d9db8-030f-4248-9f87-9a33055ae4a6,Auguste,Beaument,Female,52,abeaumentb7@moonfruit.com,966-818-9448
745e065f-484b-47e3-b924-8356d835600b,Tyrus,Faldoe,Male,37,tfaldoeb8@cornell.edu,933-854-6266
c6ac275f-b938-4515-a8c3-ea16acc1336e,Dreddy,Taig,Female,62,dtaigb9@bluehost.com,452-632-2805
08778ed0-c469-456f-a19a-817fe8ebfd6a,Leigh,McTurley,Male,67,lmcturleyba@engadget.com,782-163-3433
77d24613-3e78-4a25-97b6-3d5969339850,Garland,Preene,Female,59,gpreenebb@parallels.com,695-237-8287
eee0070c-85c5-4ea9-9fa4-63030e901a1b,Bobbi,Setch,Female,69,bsetchbc@umich.edu,974-350-0054
4c465439-58a0-46a6-85e2-c8fe7e663615,Stanfield,Preshaw,Male,49,spreshawbd@msu.edu,846-314-7953
5e4b42bb-beda-4aee-9f2e-4c44afd7e697,Sigismond,Reichhardt,Male,27,sreichhardtbe@yolasite.com,871-616-9590
5387b036-bff9-41ca-926e-efccb4d86df4,Letisha,Stoeckle,Female,20,lstoecklebf@va.gov,538-983-4711
25ea05ac-3897-4d7c-a73c-a056f0c86a4a,Karita,Dorkins,Female,78,kdorkinsbg@xinhuanet.com,809-254-1801
6d889076-008a-4d66-81de-89cbb44ea408,Neala,Drewson,Female,68,ndrewsonbh@seattletimes.com,609-246-9100
f4bec6cc-ac57-4f75-b664-4042cf38fffe,Chane,Karslake,Male,34,ckarslakebi@chron.com,621-938-6482
addcab59-4ac0-45b9-b668-b7dc3d019833,Hobart,Warhurst,Male,59,hwarhurstbj@amazon.de,340-814-1654
0e837d89-12cb-4e4a-b9c7-67598e405fd2,Doria,McEvoy,Female,33,dmcevoybk@tripadvisor.com,909-193-2799
599de6eb-27a8-4392-b961-71df4d4aff03,Vern,Waiting,Male,20,vwaitingbl@cisco.com,835-278-9634
9da05f6f-4ca6-400d-8739-90f45f271672,Porter,Dysart,Male,26,pdysartbm@histats.com,848-250-1725
081877a9-fd69-4619-9743-fd6735403ffd,Joshia,Walsom,Male,29,jwalsombn@google.es,420-398-8122
ace81a9b-73a2-4e7f-9057-baaad35050d5,Bradney,Lowrey,Male,19,blowreybo@miibeian.gov.cn,162-834-7101
12a5c480-4412-45a3-ae07-a039336d1553,Cammie,Andreas,Female,62,candreasbp@bing.com,220-760-9079
eb0036b6-ec15-402e-befe-a3d7695f1560,Rik,Mayger,Male,26,rmaygerbq@weather.com,830-520-5334
613189c6-286d-4c82-aece-9bbee325c2f8,Ondrea,Stavers,Female,48,ostaversbr@vkontakte.ru,321-860-7767
73edf6f0-910f-4fc4-b972-a43d6c3e53b8,Dale,Tithecott,Male,74,dtithecottbs@forbes.com,317-464-9769
b2414472-86a0-4b86-bcda-3ba3a7018bda,Janna,Teece,Female,31,jteecebt@biblegateway.com,289-108-5508
12dda136-7237-4d4b-93cf-91c7b2f4287f,Darb,Ghion,Female,19,dghionbu@deviantart.com,164-221-7752
08055cc3-0ce6-495b-846e-e9ca7e575162,Vanya,Martschke,Female,75,vmartschkebv@bluehost.com,296-334-6783
5d742e28-de60-4996-9781-6a32c91aa2c6,Genni,Cossins,Female,61,gcossinsbw@mlb.com,189-529-9645
d03fc099-f801-41da-8e74-079c0024f3f3,Ninette,Jupp,Female,54,njuppbx@soundcloud.com,444-440-1731
ca33cd34-d10e-459c-bf28-7a93540c3d6e,Nat,Edgars,Male,80,nedgarsby@hostgator.com,923-776-8785
5e3e35fd-20b7-4f52-badb-0b76dbc84841,Agnesse,Baccas,Female,32,abaccasbz@studiopress.com,966-134-2387
06c5089b-2d03-48db-9aba-fcf4c05d155e,Paige,Lavielle,Male,64,plaviellec0@dailymotion.com,348-976-3323
d04f892d-8626-441b-a556-8c6d3823a4d1,Bette,Izhaky,Female,37,bizhakyc1@blogspot.com,494-790-9196
3f751f8f-089f-4739-b22c-fc0901a7f281,Audie,Cordey,Female,48,acordeyc2@digg.com,184-421-1228
4807fb68-8f0b-43af-a942-786d61b87568,Brenn,Lucey,Female,28,bluceyc3@list-manage.com,544-301-5086
674b8637-79e9-44de-a572-1c45eb24ca46,Sashenka,Colliss,Female,62,scollissc4@flickr.com,161-306-5053
397bc2ad-c6e1-4057-87e2-78f44111efa1,Lilllie,Peperell,Female,74,lpeperellc5@springer.com,286-171-9097
f9cbe554-37e8-47a3-8c78-6db3234a6d49,Timi,Muzzillo,Female,50,tmuzzilloc6@nps.gov,998-305-0838
2ba72971-6627-427e-823b-5846f6903dd3,Crin,Reames,Female,33,creamesc7@ucoz.ru,487-548-4532
f98022f5-e1c8-43fe-bc89-8e5a05f8657c,Antin,Dixcee,Male,23,adixceec8@theatlantic.com,225-831-6791
ebc3c90e-c4a4-4cfc-bde2-8e00d58e3a9f,Alma,Janas,Female,64,ajanasc9@hugedomains.com,476-670-2486
9896c49b-fd06-426d-8f34-d429d80f9c34,Bennie,Dungey,Male,25,bdungeyca@reuters.com,933-340-3156
2a7b814f-0bd2-4c78-9de2-d955b105a2cf,Beltran,Asling,Male,76,baslingcb@tripod.com,655-761-9795
e77e3cff-6a67-4c0e-ac34-347500fc4ab5,Sibyl,Mueller,Female,74,smuellercc@last.fm,884-144-2751
5f34bdbd-fb94-4042-aaa1-c787d6ae73c4,Duane,Herity,Male,66,dheritycd@blogspot.com,406-772-3734
9a074fc0-2968-48f3-8060-fdf32398b8e1,Jacqueline,Goodings,Female,36,jgoodingsce@theglobeandmail.com,514-634-2219
7ab0c7cc-befb-4ef8-8b06-093c8f0359d9,Shel,Graeser,Female,26,sgraesercf@usda.gov,737-124-8179
71a6a27a-7966-457e-8dab-d0fb50c5e98c,Redd,Surman,Male,64,rsurmancg@unblog.fr,841-430-0622
bb1a1608-fd23-4390-ae41-e86f8d56c570,Georges,Brimblecomb,Male,71,gbrimblecombch@t.co,385-903-7860
8b8940d8-8db0-48a5-a0c7-368cc5980147,Lillis,Labone,Female,41,llaboneci@deviantart.com,593-994-6364
e24fe0bf-5423-4b37-9be7-939b79896eac,Cassey,Taile,Female,35,ctailecj@artisteer.com,284-742-3318
b3bdccf8-d858-421f-82ff-36b7d7ab3da1,Vale,Andrejs,Female,67,vandrejsck@qq.com,235-119-7263
29c29466-e6e2-4c80-a2a3-72d68c991d76,Filberto,Worsalls,Male,75,fworsallscl@fema.gov,362-685-4120
975cd5c3-be6f-4191-91bb-8d5a52a4b6e9,Launce,Sellack,Male,60,lsellackcm@gnu.org,191-300-2869
6442b3b2-d1bf-48c0-a353-9bbb177d2320,Deeann,Ambresin,Female,22,dambresincn@admin.ch,732-740-5483
5712d7b3-a554-4a20-a2b6-b114efc4f39e,Jedediah,Zaniolini,Male,69,jzaniolinico@clickbank.net,193-194-8467
67b3bd08-7bd2-4c4a-b238-128065866623,Isac,Forlong,Male,71,iforlongcp@bloomberg.com,818-609-6721
c1a59901-e401-42d7-a539-236d1d611d20,Drud,Gowan,Male,35,dgowancq@fc2.com,387-245-0747
0fad97a5-e5bc-42e9-83bd-122e11f6ad55,Shelley,Follos,Male,76,sfolloscr@skyrock.com,625-314-6890
3749dcc1-5f96-4185-9e99-1f88e0ff2892,Huntlee,Elderidge,Male,28,helderidgecs@indiatimes.com,908-695-5266
c4397fab-c065-4019-b3da-631eb8ebb6a8,Ewart,Hullins,Male,23,ehullinsct@cloudflare.com,377-757-6404
843ac190-a216-47d9-8c28-a251062b4484,Lyndell,Chessun,Female,39,lchessuncu@bluehost.com,785-921-3582
dfae1a09-895a-4161-9c8a-b7f32f2fdccf,Kaylyn,Josilowski,Female,34,kjosilowskicv@bigcartel.com,387-636-1814
2c6351d4-00cd-4374-811f-e94e1796fabc,Sibilla,Folke,Female,66,sfolkecw@xinhuanet.com,956-697-9918
3bbf7ef2-0182-4a28-8408-3cb48e852591,Gradeigh,Klaaasen,Male,33,gklaaasencx@yellowpages.com,437-520-9261
099c1162-3d49-4bc9-9c6c-8846ff48cb15,Camel,Wharlton,Female,75,cwharltoncy@typepad.com,783-500-4539
9c3f271a-a4be-44fe-9f7f-e69a09c63d3f,Tobias,Gansbuhler,Male,34,tgansbuhlercz@cdc.gov,513-215-1078
ca82c850-610c-4945-bf34-d06f512ac1e2,Tailor,McPhillimey,Male,65,tmcphillimeyd0@narod.ru,335-164-1026
9ea6ce77-20ff-4e26-8544-a3c7919be9c9,Meade,Fowley,Male,50,mfowleyd1@furl.net,131-609-0641
2ab5f782-1f66-4b47-a0ab-cd37162005ae,Jodie,Thunder,Male,23,jthunderd2@army.mil,387-656-3110
dcfe0bf1-ca15-488e-9b39-b1535e7eb9ce,Rheta,Stockle,Female,26,rstockled3@ucsd.edu,205-982-1414
7244e8df-afd8-4efa-9671-9e9561ad77fb,Winn,Fitchell,Male,35,wfitchelld4@linkedin.com,915-758-1132
ff9387bb-6a22-4aae-92f0-3b38c277f3dc,Rinaldo,Voice,Male,76,rvoiced5@surveymonkey.com,551-149-7510
c2371ec3-b5a6-4231-9a4d-3235b3d0209c,Celie,Stacey,Female,60,cstaceyd6@prnewswire.com,579-461-7376
0960fcc0-d8a4-4254-92a3-27fef109fa66,Jaye,O'Glassane,Male,51,joglassaned7@google.de,622-497-4085
9a7ea22d-ad75-48cc-a059-56aba56f3a3f,Hyacintha,Oddey,Female,52,hoddeyd8@drupal.org,904-437-9794
236ec6b1-36f0-4adc-ac00-f779d355049b,Koo,Chamberlaine,Female,52,kchamberlained9@icq.com,478-825-6543
8b22c203-74c4-4092-95d1-760db5f1ac6e,Sapphire,Road,Female,35,sroadda@huffingtonpost.com,762-572-9110
89bc669e-ed8e-4e83-8774-27df925ac554,Irvine,Klimentyonok,Male,46,iklimentyonokdb@yellowpages.com,750-243-4256
103dacdd-b0a0-4c0e-a13b-fd72597336e1,Georas,Heister,Male,63,gheisterdc@simplemachines.org,445-966-2556
711b7b54-f505-49d7-a733-05ba65c19266,Myranda,Habert,Female,76,mhabertdd@ibm.com,902-250-9033
612a580d-b31a-48c2-b73d-86d39e48f151,Mirabel,Thaller,Female,68,mthallerde@networksolutions.com,612-667-2387
a2a367a5-bc61-4c76-a2df-458bf6078294,Katrina,Pllu,Female,70,kplludf@archive.org,886-114-1545
fe5328a3-8d95-4070-b999-802342f7ab1b,Stu,Carslaw,Male,57,scarslawdg@infoseek.co.jp,965-518-2626
f6348b30-0bb8-4dae-aeed-3dc8606d9460,Pembroke,Febvre,Male,26,pfebvredh@lulu.com,663-996-2636
6c1860ea-735e-4657-8f27-3bb22e30f95a,Daveen,Hedan,Female,72,dhedandi@jalbum.net,598-649-1324
2fc9ea97-d99d-4919-8004-0e9d5b0477fe,Gino,Vasiltsov,Male,45,gvasiltsovdj@bizjournals.com,144-850-5896
047db883-3206-4c35-b88a-90ab36908036,Raynor,Stammirs,Male,22,rstammirsdk@squarespace.com,243-166-7212
30894407-1ded-4119-b370-f5586b38b84f,Henri,Morais,Male,42,hmoraisdl@google.pl,761-196-9941
0d7c0101-06f4-4975-a95c-95c516f72ecb,Marisa,Agirre,Female,65,magirredm@issuu.com,462-633-2813
c12789b0-56c9-486b-82ab-077e39fbfa19,Crin,Camillo,Female,38,ccamillodn@meetup.com,447-980-1635
259d8b3f-396a-4d61-b9b7-193db9d320d3,Rhett,Sandaver,Male,37,rsandaverdo@oakley.com,274-374-0848
b2c52ff4-4d61-4fd7-ae24-0ed6097fe5db,Jobie,Libbie,Female,60,jlibbiedp@goo.gl,720-377-5573
758a9a6f-db0a-4bb7-a17f-591ede087f28,Agna,Goricke,Female,49,agorickedq@bandcamp.com,507-450-5827
026f74ef-3dca-4ad5-a227-9067aa673108,Stefania,Gozzard,Female,47,sgozzarddr@usgs.gov,102-310-7362
d25d77d3-3142-4bb3-8933-2bddfc943cd0,Felic,Purslow,Male,68,fpurslowds@soundcloud.com,808-142-3952
dd47d0c8-0a0f-4e8f-ab99-7284a43e53c6,Lianna,Joberne,Female,48,ljobernedt@bing.com,533-249-4231
21fb1197-948c-4b00-a20e-889d2db4b847,Gabrielle,Pattison,Female,74,gpattisondu@dailymotion.com,842-289-9578
e7384c59-c678-47d4-ad07-10071f62620b,Milena,Swyndley,Female,22,mswyndleydv@pen.io,848-327-4646
4f5dc76f-b07c-4c3a-8281-d9ce8f6c44a8,Victor,Sanger,Male,20,vsangerdw@1688.com,934-541-0896
faf1594e-24b3-4f62-88cb-8d95e1f8593c,Kirk,Dutch,Male,22,kdutchdx@chicagotribune.com,446-319-6455
df246945-f334-4be9-bc85-9ea625a33809,Mitch,Dutteridge,Male,39,mdutteridgedy@godaddy.com,665-964-4444
77341358-41ca-4165-8b81-1aad667775d2,Reggy,Maher,Male,46,rmaherdz@lycos.com,201-154-6787
fd95d9e8-612b-4b48-b482-381e45cb42b8,Delmar,Bosson,Male,51,dbossone0@drupal.org,394-350-2522
69763a61-7d53-4b75-9045-84cb107c7ae4,Jerrine,Giorgetti,Female,39,jgiorgettie1@amazon.co.jp,504-507-9773
2717b9f5-9fc9-4abb-9353-5b046f472ba9,Durante,Borrows,Male,37,dborrowse2@amazonaws.com,965-245-9848
e1646946-92e3-41c8-bda2-b1b7b4b573f0,Gill,Weldrake,Male,44,gweldrakee3@google.ru,877-913-4254
b6e9e80e-6340-49f9-8f22-3e2293a722b3,Lyman,Fairrie,Male,61,lfairriee4@redcross.org,308-712-2024
3839ffe4-00a8-497c-8984-4d3ac36d309c,Aileen,Watters,Female,44,awatterse5@wix.com,341-806-1201
9de7de2a-fee5-44ea-81c1-245a80eee1a1,Georg,Maleck,Male,59,gmalecke6@list-manage.com,681-661-1622
0b0c74d0-b4e8-4d57-88a3-d5fe219033e7,Denis,Badby,Male,39,dbadbye7@zdnet.com,638-360-5073
6f37048d-0c91-45fd-ab15-6b8a3036f8f9,Perri,Thyng,Female,57,pthynge8@ehow.com,212-390-8256
4c3ea2e3-bb5e-42ac-9a53-7332c786c176,Doralin,Morefield,Female,76,dmorefielde9@google.de,582-861-9665
d13508ba-85d6-45a7-a0e8-775db254e8aa,Lorettalorna,Bagg,Female,55,lbaggea@histats.com,793-205-0848
aa295020-d7ab-4b5b-a4f9-ce77e2ac7822,Fairleigh,Stonhewer,Male,76,fstonhewereb@flickr.com,612-696-0577
e8c5888e-9e8d-4b4b-a720-3b2eb6de68a2,Ulberto,Dagnall,Male,41,udagnallec@infoseek.co.jp,563-949-4570
44314287-6c40-4b14-bdab-23698e27ee48,Fidelio,Gouge,Male,71,fgougeed@clickbank.net,545-892-4692
33bd1b58-734b-4cc0-83f1-8322eba48eb7,Katey,Rosenstengel,Female,62,krosenstengelee@mail.ru,990-836-6562
27fb891f-1e46-4a13-8f36-c58c2a3f7872,Louis,Cumine,Male,32,lcumineef@theatlantic.com,980-489-5448
eae186ea-86ef-4161-b272-07cb39fa8974,Kain,Laffling,Male,23,klafflingeg@nytimes.com,889-906-3715
81b10440-7a19-4e5b-a0a6-6447b178763a,Kendall,Ridges,Male,25,kridgeseh@pcworld.com,462-829-1388
c4f2aff5-21d9-49df-ab55-f8b1c3392cb9,Cornell,Arter,Male,68,carterei@senate.gov,203-440-1666
aa3cf93e-8468-47ac-b66e-34888406a7fd,Yolande,Norgan,Female,56,ynorganej@skyrock.com,776-434-6379
362d43d0-b536-45ac-bddb-cdbc971ee011,Raffaello,McClancy,Male,37,rmcclancyek@ted.com,148-968-5931
7d0b76c1-9865-4d69-a258-36da0d3c5482,Brandise,Croote,Female,29,bcrooteel@google.co.jp,339-481-5353
a15f8d1e-2c80-4afb-bc47-5a607c6896eb,Franz,St Ange,Male,74,fstangeem@discovery.com,954-270-5981
a1330982-638b-4ee3-88b4-afe4c2e9de5b,Nonnah,Trudgian,Female,70,ntrudgianen@diigo.com,544-749-2569
e720728b-1625-4cf8-b7f5-b9d9100c7ea3,Illa,Jurczak,Female,69,ijurczakeo@opensource.org,177-325-8291
778aa52b-2474-41a4-b30d-ae1645fa68ad,Enos,Follows,Male,72,efollowsep@oracle.com,354-913-6237
73d3fc8f-8443-458b-b4b0-289112ad3516,Fernanda,Cartmell,Female,27,fcartmelleq@businessinsider.com,494-778-8918
68c30f9b-9c2b-4573-bdf0-ac22aa023858,Warren,McKenney,Male,20,wmckenneyer@wunderground.com,706-547-3107
593822c3-5947-4734-a553-819def7ee41a,Grenville,Hrishchenko,Male,39,ghrishchenkoes@pinterest.com,500-551-7593
39946de0-78b6-44f8-952b-b452668510fc,Reece,Renol,Male,47,rrenolet@stumbleupon.com,946-360-7182
3be435e0-3309-45b9-bd64-b9dac9c5a736,Janaya,Jarad,Female,57,jjaradeu@stumbleupon.com,413-162-4554
4deb38a1-6e47-4aea-a088-e8e8f20f084d,Tory,Jessel,Female,77,tjesselev@engadget.com,308-831-5098
226b8829-78d9-491d-aeb1-a36ac6be90fe,Maxy,Phythean,Female,80,mphytheanew@cpanel.net,845-884-5694
2e7c4397-01b9-4d8d-aac1-cb198d1833de,Nowell,Zavattari,Male,35,nzavattariex@oaic.gov.au,172-532-6801
6c3a04e9-2a70-40a6-a2ff-49b2ca8a4294,Jillian,Bedinn,Female,32,jbedinney@umich.edu,685-612-4254
864a57fc-3915-4a61-885f-c397efa1dd1f,Chuck,Camis,Male,38,ccamisez@freewebs.com,648-559-8433
3dc75227-7bad-49b5-aea7-0337a426984e,Haze,Vannuccini,Male,40,hvannuccinif0@prnewswire.com,290-363-1418
737ae6ed-ae56-48d2-b576-add459bd2c4a,Krispin,Taber,Male,56,ktaberf1@hp.com,291-218-0225
31995810-9618-4936-a083-3b09f0825d8a,Boyd,Nerne,Male,35,bnernef2@illinois.edu,757-828-0213
44dc52a2-1267-48f5-9972-ff9787f79350,Ritchie,Ivashintsov,Male,33,rivashintsovf3@topsy.com,895-833-1241
6ea9d660-d4c7-4dfa-8a71-82c20e02cedd,Abelard,Ballay,Male,40,aballayf4@smh.com.au,738-340-8198
376eeed1-b72d-4059-a40d-76e379563f21,Cathie,Rackham,Female,60,crackhamf5@techcrunch.com,255-493-9585
6af9cd20-b386-41f4-83a4-f7261ca297c4,Sosanna,Connechy,Female,36,sconnechyf6@omniture.com,221-291-0536
ac3307c2-3943-43be-83b2-e53025369799,Leontine,Saldler,Female,79,lsaldlerf7@cbslocal.com,259-255-3313
4a82b8ab-ad59-40c3-9ea8-f0cca04e080d,Lise,Layman,Female,59,llaymanf8@harvard.edu,652-745-0105
f691d6d0-0725-4c2c-b9c3-6b4cf4cc3285,Morganne,Olifaunt,Female,37,molifauntf9@indiegogo.com,894-684-2887
2cfb296b-9257-4e4c-acb4-a63830aef486,Annora,Blanc,Female,37,ablancfa@ucsd.edu,962-380-5472
b82f5c18-4cb3-4772-9777-b3e216761d5c,Efren,Ovington,Male,61,eovingtonfb@naver.com,668-439-4622
9157404c-5eab-4809-9870-b7eb3f4180a8,Obie,Hardacre,Male,32,ohardacrefc@omniture.com,520-844-4874
1912e40d-f7ee-4488-86b9-3ad4b705392c,Dix,Rutley,Female,61,drutleyfd@artisteer.com,482-997-2678
a4e4c3f0-bfe1-48ff-bd36-8570c01d3722,Hashim,Kail,Male,30,hkailfe@sciencedaily.com,676-820-8615
4f17d90f-4a48-4eb3-9357-4b50ec029ec5,Falito,Creelman,Male,67,fcreelmanff@blog.com,976-206-0090
be046bf1-147c-476e-82d8-558a78021d44,Herc,Melmoth,Male,60,hmelmothfg@ft.com,761-289-0989
f0349366-04b2-463f-9f9b-74121869ea8f,Gayler,Tirrey,Male,70,gtirreyfh@twitpic.com,432-981-4134
e3f9131e-2892-4a34-945d-3764bc8d4be6,Kris,Burn,Female,44,kburnfi@nytimes.com,291-276-0730
56c3b9f0-607b-42bd-afbc-18ac2649d46f,Cly,Chessill,Male,64,cchessillfj@meetup.com,148-352-2557
75c350e9-98d9-4452-9eb1-d5f3c458a8e6,Joe,Shipp,Male,63,jshippfk@miibeian.gov.cn,498-844-0501
63601c87-1589-4731-8cea-ac11b506385d,Franz,Geldert,Male,70,fgeldertfl@un.org,206-862-0420
68ba7096-19d0-4735-a34b-96cc5b12da41,Feliks,Semour,Male,22,fsemourfm@state.gov,777-284-6388
5195993d-67b0-4450-afa4-f6b6db766f56,Philipa,Habbema,Female,53,phabbemafn@chicagotribune.com,237-113-7491
f031a05c-9d14-4cc1-816d-6b0c635f9c6d,Siana,Andras,Female,68,sandrasfo@google.com.br,224-440-8193
22dd2120-6f7a-4962-9950-07a3459b2c17,Sidney,Ipsly,Male,37,sipslyfp@walmart.com,718-988-2616
3f46a9d7-e580-4071-934c-78fa1dd21191,Calv,Snoxall,Male,80,csnoxallfq@miibeian.gov.cn,120-861-9630
defa7274-fa5e-49e3-871c-cbbd3d364f6f,Ernie,Tanslie,Male,50,etansliefr@sciencedirect.com,819-435-2410
bf9b0147-6be9-457d-b187-5434c3c54d1c,Hanny,Kohrt,Female,63,hkohrtfs@sciencedirect.com,646-287-3814
6579801e-23bb-4381-a37f-287eab4eb855,Morry,Carlett,Male,66,mcarlettft@fastcompany.com,868-550-5525
ab17c83d-b6bc-471c-a319-fdd4a0223abe,Raddy,McGoldrick,Male,28,rmcgoldrickfu@hc360.com,688-568-0060
1fb49fe8-d1fa-4c11-9caa-e620f9956f12,Orelle,Scollan,Female,80,oscollanfv@elegantthemes.com,542-875-0811
9b86a181-4aa3-42bd-804c-b1d7f75a599b,Constanta,Pound,Female,48,cpoundfw@huffingtonpost.com,117-176-2901
d34e30ee-15c1-482b-abfb-19a9cf423bf5,Burt,Moran,Male,29,bmoranfx@omniture.com,282-975-5902
9fbdb8e2-4432-428f-a46c-7109d9fc760d,Laurie,Kahan,Female,37,lkahanfy@unicef.org,206-206-6600
2cc2873a-a5d5-4ed3-a072-f81da485e68d,Jamill,Daldan,Male,36,jdaldanfz@wordpress.org,852-928-9503
9c34ca27-7040-4d18-9664-1f7a72e9377e,Conn,Macci,Male,35,cmaccig0@redcross.org,539-371-8375
5aa5448a-0afe-48f2-8af6-8ca81966210f,Francis,Surgeon,Male,27,fsurgeong1@ask.com,351-733-0084
9f6b6752-22a6-463b-afcb-25bf84a59eb1,Scotti,Ogdahl,Male,70,sogdahlg2@wufoo.com,551-575-6234
7cd11e4a-9cc0-4daf-92fb-6e261db633f9,Carce,Allchin,Male,69,callching3@list-manage.com,458-323-1256
bf6e8be3-6e58-4df6-8e4a-6580e748fea3,Willy,Eggleston,Male,31,wegglestong4@ed.gov,808-517-2931
7f2f4f37-a36c-4d41-a042-8a6fcc911f4f,Calley,Tomley,Female,74,ctomleyg5@mlb.com,323-822-1894
47597358-7a35-4512-8462-0ff533a8bf75,Doralynn,Baudet,Female,44,dbaudetg6@facebook.com,705-699-1727
9e7eae9e-f2f4-424b-8fa0-5cacd693810b,Mira,Billingsley,Female,52,mbillingsleyg7@ucoz.ru,216-157-0925
114d67e8-3b11-4cd5-92b8-6af82771a946,Becka,Hollows,Female,65,bhollowsg8@51.la,293-866-2810
93724964-db2e-426f-aa6e-da4625e2b400,Arni,Fotherby,Male,49,afotherbyg9@house.gov,372-220-5936
c7b75f56-874a-4a3a-b16c-578bbb3e4437,Leupold,O'Docherty,Male,34,lodochertyga@hao123.com,320-807-4902
beec4b63-e895-4e1b-a968-72d1c87145fe,Shawn,Heselwood,Male,76,sheselwoodgb@hhs.gov,622-413-9311
98e3c47b-4884-452c-921c-dccc9d363375,Florentia,Lissaman,Female,71,flissamangc@lycos.com,653-569-7941
265203fb-9c8d-4d8c-a068-1c52e7a0e6db,Barbee,Erangey,Female,35,berangeygd@hibu.com,127-322-1724
2b03e841-386d-4084-bfb8-aa778b5ddf72,Kaiser,Perle,Male,62,kperlege@nyu.edu,920-588-6514
c22510e1-b72e-4ac3-a3a3-65c0000fe62d,Archambault,Tweedlie,Male,77,atweedliegf@sitemeter.com,565-618-6616
0bc8a4f7-7871-44f0-950a-d6c702a4bc27,Elsey,Lagneaux,Female,24,elagneauxgg@washingtonpost.com,636-254-7721
53a85edf-e967-4883-91af-68fa3da55eec,Poul,Kerrod,Male,40,pkerrodgh@istockphoto.com,711-533-5588
dc1c3415-7dc1-4386-b270-b16051bb8412,Katherine,Obray,Female,22,kobraygi@netlog.com,109-766-9220
0ca813fe-9509-4d92-8b74-1880eca50e0d,Denver,Gatchel,Male,46,dgatchelgj@soundcloud.com,922-395-8902
cef88c4c-b32a-4c9e-a29c-bc0130f68c49,Holly-anne,Million,Female,58,hmilliongk@google.cn,988-978-8508
4affd57d-ca37-4f15-a2d5-4a77863192f0,Worthington,Ragless,Male,25,wraglessgl@topsy.com,160-501-8396
eaaadcb3-202a-441c-b16e-fbdcb62bd4bb,Ferne,Swalwel,Female,40,fswalwelgm@altervista.org,606-497-4783
09de53d8-0e48-4667-93c0-5923208afbb0,Burg,Fitch,Male,32,bfitchgn@bing.com,234-906-7630
703dcd5b-7d4c-4843-9678-155d4462547b,Niven,Dryden,Male,56,ndrydengo@theatlantic.com,790-315-6047
579718a5-762d-47c6-bf25-07204f9611f2,Rebeka,Filkin,Female,67,rfilkingp@taobao.com,777-724-5473
a4aa5fa3-da75-4ac2-913f-b2f3041fc5ca,Iseabal,Wyllcocks,Female,37,iwyllcocksgq@wp.com,834-305-0863
af310e2a-60cb-4b29-9706-de7e56ec63f1,Nikaniki,Do,Female,78,ndogr@canalblog.com,806-537-4146
02dced7e-8dd2-4a3d-9c92-2d5ca9b64f4b,Robina,Rosingdall,Female,66,rrosingdallgs@dailymotion.com,506-206-3044
2e588a70-db29-40ff-8c11-95e33e97b5fa,Vallie,Jakoubek,Female,54,vjakoubekgt@washingtonpost.com,785-671-7523
8677228d-1892-46c3-9948-e1f501f1af9b,Joye,Thomazin,Female,75,jthomazingu@mediafire.com,139-324-2923
201d5f4b-2f07-4c58-a8e7-665a46229828,Sarah,Cobbold,Female,40,scobboldgv@wunderground.com,117-437-3023
b840d264-4de9-47e2-a1d5-045f9eb5d4f6,Germana,Chess,Female,66,gchessgw@dion.ne.jp,533-597-1541
44154652-cf54-4721-9168-3aa91fd9a8c1,Nichole,Gauler,Female,73,ngaulergx@wordpress.com,465-540-4672
3124e9af-2d2a-4ec3-9335-5b308049fc9a,Annabela,Egginton,Female,71,aeggintongy@umn.edu,833-981-8361
f07e22f5-1c63-4ee2-9590-8a6952e5a45f,Vivien,O'Gready,Female,39,vogreadygz@skyrock.com,109-468-4653
452272db-5e74-46b2-b54a-3187dcab11e1,Nonah,Vitte,Female,32,nvitteh0@chicagotribune.com,987-293-1208
28140955-1fa2-4efc-8ea3-7085273a96d8,Bart,Giacomasso,Male,60,bgiacomassoh1@cmu.edu,750-735-2887
f0528fe1-152d-43fa-991d-377134873a78,Gabriella,Fenners,Female,32,gfennersh2@mit.edu,718-484-0644
f4fb7f16-7add-410c-8c62-0386fcea324b,Marcile,Harbison,Female,55,mharbisonh3@bloomberg.com,957-664-8533
a5b41cf6-9e4f-47b3-a4ba-34e1b80b2795,Ninetta,Zahor,Female,58,nzahorh4@umn.edu,168-111-6389
afef4cf0-879a-48f5-b10f-839cf86b2d82,Lidia,Bernetti,Female,33,lbernettih5@eventbrite.com,704-461-4235
e390df65-08fa-4581-8552-6005a6c9e800,Yetty,Powers,Female,27,ypowersh6@mashable.com,877-773-6851
0897cfd0-55f8-4c68-b005-d194ec963b39,Waldon,Huckerby,Male,39,whuckerbyh7@smugmug.com,511-794-4188
6f00c9e5-e75e-468f-a01e-a130464ab6e5,Milt,Wixey,Male,53,mwixeyh8@cdbaby.com,636-973-2490
09c3f923-41a7-4fd8-9e2e-45ce0dd7be19,Dennet,Crippill,Male,72,dcrippillh9@msu.edu,526-545-8650
4cbd017f-9608-47d8-8d63-09f30fd419d7,Dotty,Dalrymple,Female,42,ddalrympleha@chicagotribune.com,713-474-3980
b8927539-646b-45ed-aac3-b1d000426ff6,Billie,Fenech,Female,46,bfenechhb@de.vu,705-162-9109
b9ced6ba-cc87-4578-a536-0ccb45745efc,Banky,Sykes,Male,35,bsykeshc@wikimedia.org,407-330-8415
a255dcbe-0333-4ba2-a4d7-ce7bc3bebad7,Hubey,Senescall,Male,22,hsenescallhd@ft.com,974-600-4841
68a615bd-9052-44f1-9f88-3c55b1782d29,Fan,Bedburrow,Female,59,fbedburrowhe@de.vu,887-775-3017
d0fd9a3d-5395-4d25-9a70-55da7e1b2e1b,Hilario,Otridge,Male,18,hotridgehf@wired.com,291-283-2680
6f7be3ab-cc99-44b1-920b-c23e3a44a580,Fayette,Lunnon,Female,53,flunnonhg@mashable.com,885-729-0468
b43c7b1f-1aea-49c7-9544-e811d216c3d6,Kristofer,Gidman,Male,36,kgidmanhh@ning.com,117-889-6310
a16f6a4c-9c86-4872-8732-bf2d5245afb7,Rycca,Verissimo,Female,62,rverissimohi@google.pl,863-573-7080
28a6a9f6-be49-4415-9f1d-524bff6c549c,Stanford,Finnis,Male,49,sfinnishj@linkedin.com,290-789-4251
e9cc7764-501b-48b1-924a-e10680a4e1df,Keriann,Southern,Female,28,ksouthernhk@nationalgeographic.com,168-518-1150
1cb5dc00-d797-47a1-b4eb-81957f686c06,Trula,Wingeatt,Female,21,twingeatthl@so-net.ne.jp,300-869-7260
a1104853-fae3-4867-a8ac-3c1c4eeb8e41,Pepillo,Amort,Male,32,pamorthm@xinhuanet.com,412-207-3880
3d001a86-5754-4eaf-8530-a614dff14e2b,Hildagard,Wellbelove,Female,34,hwellbelovehn@gravatar.com,987-778-9683
7e0a02f1-a131-47a7-989e-ebf2dafc10f6,Catarina,McFarland,Female,28,cmcfarlandho@weather.com,160-553-8104
a03468d4-adf2-4b84-abdf-3ee5f76550d1,Rab,Abberley,Male,46,rabberleyhp@wiley.com,765-184-4705
5b35dd69-8e05-4196-97bd-fbf801eb4884,Arlen,Fransewich,Male,78,afransewichhq@newsvine.com,986-547-1196
7e82fc56-5794-4379-bd2f-aa4ed3b4b6b7,Valry,O'Kelly,Female,22,vokellyhr@twitter.com,316-201-0738
fb240bfd-32db-46ed-b00b-582b0d0e92eb,Ringo,Woodington,Male,43,rwoodingtonhs@ted.com,239-150-3310
f30ef1b6-e2e7-432d-84d8-5bb6d33aa994,Reggie,Basilotta,Female,39,rbasilottaht@wufoo.com,757-468-9925
b8841cb5-c9c9-43e7-b964-1d08c56788c1,Felipa,Weatherby,Female,46,fweatherbyhu@wired.com,126-622-5396
530c569d-7584-4e30-9174-cfa9540977e9,Lise,O'Scollee,Female,42,loscolleehv@phpbb.com,447-272-9264
a3284633-5797-4048-963d-bc52c5c16ed2,Albertine,Crowe,Female,51,acrowehw@mlb.com,243-363-9224
3e9d0641-9732-42a5-b014-b3fc918a4d58,Cobby,Cottill,Male,26,ccottillhx@ocn.ne.jp,577-218-1552
94a0a2c0-c8e8-4264-830c-8a1a95d4f5d4,Nerta,Mould,Female,59,nmouldhy@google.cn,728-311-2644
1aa8d04f-de36-41cc-b32b-1bc010a9a614,Adena,MacCleod,Female,23,amaccleodhz@i2i.jp,991-969-4612
c6954fe8-9738-401b-b553-0e564c39b4e0,Lorraine,Melbury,Female,68,lmelburyi0@indiegogo.com,524-107-5078
1196af9e-3b55-4f15-a5a5-1dce00346ecd,Verney,Thridgould,Male,68,vthridgouldi1@amazon.de,933-467-9938
6dc91c91-9bf0-4a8d-9e1e-c1142b42fd08,Nat,Jeenes,Male,69,njeenesi2@usa.gov,922-260-4436
15138ee0-c952-4afa-b309-b60acd08ebd8,Bearnard,Huot,Male,71,bhuoti3@exblog.jp,965-120-5280
f348d210-242c-422f-ae97-d91477d5878a,Damian,Saller,Male,51,dsalleri4@acquirethisname.com,763-682-3865
395d79e7-933a-4851-97d1-8526faec4e97,Arden,Beckham,Female,68,abeckhami5@hc360.com,669-680-3294
c72dfdad-b4b6-418d-8e6e-a7b9f8e73f3f,Matias,Avramovitz,Male,34,mavramovitzi6@google.cn,756-762-6847
5329c4ab-7c3a-4718-acf7-dd643e0105b8,Ransom,Caroll,Male,68,rcarolli7@noaa.gov,863-864-5789
22f931a2-a2f4-495b-858a-90ec20ba5c34,Mathias,Scougall,Male,40,mscougalli8@amazon.com,634-792-5264
eb1ca43f-3359-495a-a5b2-57ec248785ed,Adella,Garz,Female,78,agarzi9@e-recht24.de,973-353-8903
5842a9d2-c750-4c91-a870-4ffc492313f7,Carmita,Libbis,Female,46,clibbisia@apple.com,466-857-1803
22c60f8c-9268-48ac-836d-539080a748df,Arthur,Wickson,Male,65,awicksonib@discovery.com,100-986-9643
6bf25bf8-a465-4741-b57f-d8854bba5cb3,Wayland,Storms,Male,33,wstormsic@who.int,363-325-4919
c7a36743-f8cd-48c6-9ed4-20c726f85004,Georgette,Furniss,Female,50,gfurnissid@tmall.com,322-587-0664
d96594b4-fe88-453b-a239-a4161b5e6945,Brooke,Mazella,Female,68,bmazellaie@prweb.com,425-633-5709
243f7d05-733c-455f-9c9e-d8a4e7c8c323,Norton,Angove,Male,39,nangoveif@blogs.com,280-238-6817
af5fc3a9-3be7-4f90-9f06-bb2d957a07e0,Shayne,Naire,Female,71,snaireig@un.org,284-602-2720
18e1582c-8cdb-4dbb-86bf-507848931d9c,Roddie,Ebbing,Male,26,rebbingih@alibaba.com,825-922-8889
bcb476ea-1b3c-4603-88ff-d02d012977e0,Elsworth,Scare,Male,34,escareii@fema.gov,637-114-8970
e302310b-9a85-4712-bfd9-ab567ee173a7,Lorilee,Jemmett,Female,19,ljemmettij@ning.com,944-914-7340
7369a4a4-5e71-42e6-bc84-2e5e18634bac,Fabe,Dragonette,Male,42,fdragonetteik@mysql.com,736-761-4656
db8259ec-143f-4d9a-92c6-fb985893d3a8,Baily,Ianelli,Male,74,bianelliil@gizmodo.com,213-761-1830
448c1b2e-1c36-43ea-816f-85e6f577bdf4,Frederica,Flucker,Female,40,ffluckerim@dropbox.com,818-352-7243
fe12738d-763a-4c70-95f6-074539510fd8,Ilario,Quiddinton,Male,45,iquiddintonin@simplemachines.org,618-990-4650
40fc75a5-7d7d-44f1-820a-c8936e253ae7,Gelya,Hamnett,Female,62,ghamnettio@macromedia.com,671-907-2547
c9b1b59a-9f9d-4dc4-b663-5a369e4f8326,Raffaello,Simmonett,Male,57,rsimmonettip@ifeng.com,471-341-3507
d0843bac-a476-474e-abec-27091e9dda25,Stacie,Scud,Female,30,sscudiq@whitehouse.gov,521-250-0660
6f03263c-0d60-493a-af25-2255a09cbfe2,Rosy,Aslott,Female,18,raslottir@parallels.com,868-105-4230
bc1ba476-34ed-432f-a6c9-5e97c357f41d,Jakie,Todarello,Male,39,jtodarellois@phoca.cz,990-300-0981
b95b2c53-d9ad-4aaa-8da7-c18185e7f6c7,Blakelee,Oldham,Female,33,boldhamit@dailymail.co.uk,244-371-4584
ea12a2f5-f912-43fe-9f2c-127efbeb844a,Brennan,Michell,Male,20,bmichelliu@exblog.jp,895-948-9769
e062b120-b3f6-449c-a224-1e481fa2c8d9,Dodie,Grelik,Female,24,dgrelikiv@utexas.edu,835-197-9957
3920140f-50e3-4ee0-ab8d-110312733628,Jinny,Kornel,Female,36,jkorneliw@vimeo.com,494-882-6177
8e12fbef-a683-4608-a9b5-68b5567d8ca2,Dyanne,Greenstreet,Female,68,dgreenstreetix@goo.gl,725-261-8101
2ee56f30-7da4-4811-860f-453a783e9364,Charity,Matysik,Female,36,cmatysikiy@reference.com,442-296-4464
f33fb29c-1985-4ebb-a88a-f116266022e6,Reggy,Koppen,Male,52,rkoppeniz@ihg.com,556-324-8926
b9fdb8ba-ea03-44d8-b5cb-17ad7fe09cf7,Lane,Harrower,Male,50,lharrowerj0@disqus.com,124-319-5054
5e7e0cc9-69ee-48ba-a4cb-b39711e518aa,Courtney,Mitskevich,Female,60,cmitskevichj1@webeden.co.uk,264-933-1417
08a836d0-a7ec-4bff-8a90-14dee6de68cd,Dre,Robillard,Female,21,drobillardj2@booking.com,746-666-3410
da0fe59a-c6be-4492-b05e-c0444c65c5e2,Christian,Clapton,Male,59,cclaptonj3@homestead.com,552-566-6004
33ce9474-553b-4fac-b297-6963d415e80f,Angeli,Mechic,Male,39,amechicj4@tinypic.com,409-377-3759
685c455f-1363-4e36-a96a-2ff764c1a002,Keelia,Edie,Female,35,kediej5@tinyurl.com,922-709-2829
48a01b19-204d-48e2-a317-1e33d3b39405,Pascale,Zaniolini,Male,40,pzaniolinij6@nytimes.com,552-274-8191
efa4375a-6a73-4345-8058-bc065b539f9d,Jewel,O'Scully,Female,72,joscullyj7@cargocollective.com,620-182-3342
e3275769-e465-4f50-a6b4-19cc9354c3c9,Karlotta,Duffyn,Female,65,kduffynj8@hc360.com,432-734-5618
95d8b7b7-5c56-4a5e-ae05-d2e445d4672b,Rae,Sharples,Female,73,rsharplesj9@nsw.gov.au,883-354-1521
6e7ab419-3095-4307-ac73-5cb41896d7ad,Ronny,Clutram,Male,38,rclutramja@oracle.com,294-518-9647
3e419c55-af68-48a7-b04f-9467a33cc17e,Mayor,Couthard,Male,20,mcouthardjb@fc2.com,475-176-4625
3f4e42b6-d13d-4704-9983-6148bc7f3bb5,Talya,Mullaney,Female,67,tmullaneyjc@canalblog.com,536-595-7780
5dd1a269-f12c-4f25-8f93-fb783be5b5f3,Logan,Warwick,Male,23,lwarwickjd@mit.edu,493-586-5481
8d3ba3ad-786e-4773-8c0f-dd8802d4b646,Llewellyn,Jordanson,Male,78,ljordansonje@deliciousdays.com,352-543-7534
afc1ffd2-3482-49b2-b6e2-603c4e144e87,Joelynn,Cumberlidge,Female,65,jcumberlidgejf@ebay.com,100-988-9219
30ce4e8b-195b-4d2b-981e-7ba0153e2fb4,Chicky,Peniello,Female,74,cpeniellojg@dion.ne.jp,885-869-7772
bf57ce11-2125-49b6-87cc-e9f6bd4b3022,Orlando,Myderscough,Male,34,omyderscoughjh@noaa.gov,894-234-9870
2b7d553b-38c5-4f41-bd78-a3805eed7037,Ive,Courtois,Male,63,icourtoisji@gnu.org,312-516-6220
5355bd31-5c05-4fef-b82f-56a1b65ee44d,Land,Ceely,Male,29,lceelyjj@google.de,566-846-2836
e5dffa03-847d-4fba-ac9e-deccd9770218,Amelia,Stonuary,Female,35,astonuaryjk@wikispaces.com,739-148-6939
b568505d-18df-4136-ba23-6c123c688fb0,Melloney,Duncklee,Female,40,mdunckleejl@theguardian.com,202-883-5988
ca363515-9a9c-4b90-af99-e44b09b1f789,Gerrard,Bruinemann,Male,35,gbruinemannjm@posterous.com,191-949-1359
7f3a86ba-ca87-4bb1-8cc4-df2bcc955da3,Rita,Kincey,Female,75,rkinceyjn@ameblo.jp,354-832-5132
444cd39e-30ee-4991-93d4-7089a98e0bc1,Gayleen,Fishley,Female,23,gfishleyjo@goo.ne.jp,133-704-6577
8fe13439-ba65-41a2-83ba-68236f06cfc9,Peri,Wemm,Female,64,pwemmjp@icq.com,472-932-8442
c5b11f97-1a61-4e1b-a61b-7cc48eddbe49,Olly,Tow,Male,56,otowjq@studiopress.com,270-349-1089
83ccdc33-563d-4923-99a6-425f127588ba,Sophie,Halls,Female,53,shallsjr@ca.gov,671-542-7435
38ce9016-2bf4-43c9-868a-d450c603e86c,Bentlee,Vero,Male,44,bverojs@biglobe.ne.jp,763-476-1532
e7e4dd99-161c-4bb8-8a4e-8da751f7eef7,Adrianne,McGinny,Female,42,amcginnyjt@diigo.com,979-307-9634
971f795c-b79f-4778-8d9a-e0b87a8df9b2,Robin,Ciotti,Female,57,rciottiju@hibu.com,526-748-7469
ecd4d6be-5574-420f-a465-dfb0aa25a14b,Bartel,Kelloch,Male,20,bkellochjv@acquirethisname.com,686-198-2993
b91cd5b8-43f6-48c9-b7ba-650daf1ec888,Daryl,Ianilli,Female,62,dianillijw@rediff.com,376-390-8260
243ee42e-36f6-484e-8f59-d4288219b9fb,Paten,Grabb,Male,69,pgrabbjx@cam.ac.uk,638-161-6585
d5646b6f-2fe6-43fb-9454-2d2ae33906b7,Fawne,Dunley,Female,52,fdunleyjy@pinterest.com,235-872-4115
91b5000e-15ad-42da-b985-62f7028850a0,Xever,Corns,Male,73,xcornsjz@wikimedia.org,754-993-4422
68d94897-0f94-4bca-b9ca-11cc5a52aea8,Jory,Bailiss,Male,27,jbailissk0@java.com,487-497-9062
bc0e00e5-2028-4309-8991-3494e4b2d769,Kellia,Madden,Female,51,kmaddenk1@cbsnews.com,505-208-8748
f5f2eea3-ebdc-49d1-9cdd-7f4a5067ef85,Gunilla,Vashchenko,Female,77,gvashchenkok2@cisco.com,956-755-1953
0573fe6a-5bb7-435b-af3d-a4a4e883cc54,Beret,Headey,Female,70,bheadeyk3@friendfeed.com,889-859-0227
4bb9e979-24be-4c26-a89b-dd3fbb7e46f6,Latrina,Clemenceau,Female,73,lclemenceauk4@alibaba.com,603-890-6498
c9f55c37-111d-4e97-a8f2-9ce8ef0ac3aa,Wainwright,Keppin,Male,24,wkeppink5@rediff.com,804-511-4958
890399fa-badf-427d-bd1f-5ecce35b054c,Viv,Preece,Female,62,vpreecek6@dell.com,120-865-3490
84b2b01a-740b-4150-9eea-5b3b9f9188e2,Coriss,Jouhandeau,Female,39,cjouhandeauk7@stumbleupon.com,615-636-1916
a8c8b6a8-0caa-4deb-b736-4e1bcae954c9,Daveta,Daingerfield,Female,35,ddaingerfieldk8@parallels.com,185-732-3598
1bc103ea-a0e8-477e-9d20-19e548e13271,Brenn,Purdey,Female,61,bpurdeyk9@github.io,158-372-9666
611bd267-d47b-448d-8384-46d3d9974b9e,Carl,Lenaghen,Male,73,clenaghenka@usatoday.com,949-826-8974
cff4efce-d940-4712-9d20-91a552fe49ab,Yetta,Sheridan,Female,60,ysheridankb@cpanel.net,286-645-5760
29355a32-e283-4918-974b-bdc14100f287,Jacquenette,Byneth,Female,43,jbynethkc@illinois.edu,512-190-9739
87bad1de-c47e-4d86-8494-0da1f5d8eb0d,Murry,Quilty,Male,38,mquiltykd@weebly.com,718-403-5563
72cd9d23-eda1-4dd2-b37c-10ac23172fb4,Kit,Inkster,Female,66,kinksterke@gnu.org,260-892-3049
09a40b6f-bf00-4697-a188-5b1c2cffe4c2,Lidia,Jezard,Female,69,ljezardkf@unblog.fr,428-390-9788
fcc51e32-6a79-404f-baf2-102f4b49b7e7,Mab,Plum,Female,30,mplumkg@opensource.org,675-291-8536
a0ba31a4-7f92-4e01-bd78-5fe768e5e7bd,Craig,Grieswood,Male,72,cgrieswoodkh@slate.com,315-537-1696
33d08eb0-5791-4ab0-a549-99ae91ec1644,Constantin,Agott,Male,46,cagottki@google.com.br,256-388-4587
9e576a55-815c-442b-a68f-bb9a3819b88d,Leonhard,Caulfield,Male,33,lcaulfieldkj@123-reg.co.uk,245-931-4852
d44b789b-3732-4107-9486-279cfc5d9190,Woodie,Gogerty,Male,62,wgogertykk@macromedia.com,381-134-3844
7dd92690-857a-4a67-82f6-35fcc5bee30b,Rea,Deighan,Female,20,rdeighankl@uol.com.br,207-562-9719
a0abf12e-6350-4da3-8ef3-5ec5547c8af9,Eloisa,Denis,Female,35,edeniskm@last.fm,988-365-4374
b2159098-f321-4ca3-bc99-d68728fdfd87,Giulia,Wilden,Female,24,gwildenkn@twitter.com,736-279-8461
70553f29-e6f3-484f-8f50-dcd810604967,Jo,Le Noir,Female,50,jlenoirko@linkedin.com,452-806-4151
302c01f6-6f85-432f-9a1a-341051429733,Roderich,Lissemore,Male,23,rlissemorekp@trellian.com,567-540-0792
e92b041a-7c64-4ba7-9a54-35a8e0e209c1,Mozes,Pockey,Male,68,mpockeykq@abc.net.au,542-139-0124
cb3733c9-dae8-4058-bc24-a1ce2a51e4ff,Cindy,Malia,Female,74,cmaliakr@nsw.gov.au,455-376-0899
bc9d0c32-5250-4299-a947-636304b85a77,Shellie,Harrald,Female,53,sharraldks@amazonaws.com,819-476-3225
f722ba65-d957-45e0-91f6-f7bb8ce58cc9,Pascale,Jermey,Male,24,pjermeykt@addtoany.com,213-358-3473
0724117c-8cbf-4f33-806c-85577e7272c3,Miguela,Bloyes,Female,43,mbloyesku@indiatimes.com,684-487-3540
a7e2caf1-af0b-4e09-a048-fa8a981056d6,Andree,Thumann,Female,47,athumannkv@goo.ne.jp,153-460-2633
d3a9fdbf-cf02-4697-a980-ae29cdbd3f72,Melva,Sollas,Female,18,msollaskw@google.com.au,692-155-3556
222eee31-5e86-4b52-9304-5f7ff8df2b6b,Ginelle,Inkpin,Female,78,ginkpinkx@hp.com,648-120-5754
f9d2db93-f930-45d3-a332-f3f7d98f0d7c,Joelle,Toothill,Female,35,jtoothillky@mac.com,559-351-7404
15712925-5f11-4721-ad31-bb5413b7b3c7,Toiboid,Colbourne,Male,45,tcolbournekz@bbc.co.uk,864-828-7777
c4795f3a-bc1a-4e7b-bb50-efee25e82758,Raynor,Dubble,Male,23,rdubblel0@globo.com,272-886-0335
5e282cf7-41a5-4907-81d6-060f08da0069,Gilemette,Robichon,Female,64,grobichonl1@usa.gov,995-492-6314
fdeb29b9-375e-4cd5-a508-7709d52466b7,Milli,Safell,Female,21,msafelll2@google.ru,470-260-1032
69fbfdfb-97d8-4902-9098-0a9fe912a18d,Thurston,Tarplee,Male,37,ttarpleel3@who.int,754-486-3480
ddf9d7c2-45f6-406d-aa84-68c65b9c240b,Maybelle,Cleatherow,Female,66,mcleatherowl4@google.com.au,641-671-5302
f3aa5bd4-387d-4f80-befd-fb503f220f1b,Merl,Tallquist,Female,55,mtallquistl5@cpanel.net,594-365-1121
1ed0fa5a-ddd3-4f67-8bc0-5060014cf905,Carree,O'Sheils,Female,43,cosheilsl6@rakuten.co.jp,486-301-8232
bc0f6c2a-8777-4afa-bde9-69b3afda09a4,Lamar,Puckey,Male,58,lpuckeyl7@blinklist.com,245-308-8205
6b980bf4-f93a-4bc9-ad76-a4a0f51dcf5b,Shawnee,Burnett,Female,40,sburnettl8@stanford.edu,993-376-6447
270d9b79-6394-4ccd-a96e-46c97208d97a,Ravi,Dolman,Male,36,rdolmanl9@technorati.com,724-721-0912
a59c7ccc-6b5f-4bd9-879d-6f38d71159a8,Allyn,Willgoss,Female,21,awillgossla@businesswire.com,440-468-3516
5d2bafbb-1afe-4a2a-860d-870f30bd184c,Erhart,Tromans,Male,66,etromanslb@odnoklassniki.ru,142-601-7836
07e83bde-f1aa-4c72-a303-ef8be1bd14e7,Danita,McKeney,Female,54,dmckeneylc@google.fr,610-526-1983
20dc35d7-0e7e-4b0b-8c7b-10aeaff117a6,Jamison,Matejovsky,Male,49,jmatejovskyld@jiathis.com,413-778-6681
dca1b346-e1f6-49f5-bd9e-d1ab4ac6144a,Karil,Silber,Female,54,ksilberle@homestead.com,570-356-3720
a0273977-93f1-4882-a3f9-cffb3e956e85,Aloysia,Foster-Smith,Female,72,afostersmithlf@mashable.com,117-388-5811
dd4f2dca-ac1b-4827-969a-5c34a80e5e2c,Alanson,O'Kinedy,Male,47,aokinedylg@forbes.com,407-590-8531
89dfe3f8-1b51-4d78-8c76-3b6f19761f3d,Othilie,Whitwood,Female,77,owhitwoodlh@xing.com,945-334-4348
aa3e352a-3724-4fa0-a373-056247bdaa0b,Editha,Phillips,Female,54,ephillipsli@behance.net,253-878-7374
b4f6239e-344d-4ff3-9483-501d12d6c288,Major,Middle,Male,54,mmiddlelj@arizona.edu,345-915-5162
56834183-0600-4455-945b-115c8511cfa3,Torr,Aickin,Male,28,taickinlk@istockphoto.com,832-283-7460
55891735-0f39-4483-8164-ab45f339f2cc,Harper,Aluard,Male,53,haluardll@go.com,982-406-1041
0cbe3eb2-2a1d-40e6-be37-fa08ae343853,Stesha,Algate,Female,63,salgatelm@psu.edu,409-840-6430
ea74219e-dc99-4c5c-9118-6a1608c22d02,Krystle,Baldacco,Female,41,kbaldaccoln@umn.edu,409-747-1720
71f2b474-6019-493f-bde7-e8e0ab37e4db,Dierdre,Hartman,Female,48,dhartmanlo@rambler.ru,610-568-0427
17d4cc22-037e-4e41-9388-7a49aecd9b6a,Iggy,Rate,Male,65,iratelp@bbc.co.uk,546-386-5465
f26ec495-e7dc-487c-980d-987646ace18c,Bealle,Hailes,Male,74,bhaileslq@yahoo.co.jp,921-520-7456
7c467199-c1ce-4833-9eed-a0c1ea299232,Sasha,Darco,Female,72,sdarcolr@businessinsider.com,912-337-4846
078ebee2-baea-4ff1-a201-adac948a9c8f,Korry,Milesop,Female,23,kmilesopls@abc.net.au,151-200-3566
ac49ccc3-f5e7-44b9-8e49-968d2db6394b,Merell,Cathro,Male,70,mcathrolt@alexa.com,739-220-1436
b43049f5-5698-46e2-b9ab-973039be6a02,Brendan,Mackrell,Male,73,bmackrelllu@twitter.com,643-609-6669
56813082-d20f-41d0-a3ef-3990fff39947,Dodie,Brammer,Female,37,dbrammerlv@hatena.ne.jp,672-468-6258
4e6cf096-219e-49ab-bbe1-bc46d68259ff,Annalee,Pippard,Female,35,apippardlw@shop-pro.jp,401-826-4509
b530dc49-c7ed-4ae0-8888-806f692c53ae,Putnam,Mounfield,Male,73,pmounfieldlx@arstechnica.com,909-314-0520
8ca02acb-f361-4c9a-a502-6762d36f407d,Harlin,Stamps,Male,28,hstampsly@archive.org,618-436-3689
7b7863d0-05d8-4c58-b264-a397479d167c,Rozelle,Adiscot,Female,65,radiscotlz@shinystat.com,178-357-9865
e62b1888-e00e-4b55-95e9-f081709bee1a,Charo,Gherarducci,Female,24,cgherarduccim0@geocities.jp,248-656-5044
52398e7d-106d-40b9-9e8d-e266a52d451d,Russell,Orwin,Male,60,rorwinm1@un.org,819-568-8869
e18e08b4-24eb-4fea-ab67-2dbbdf84ce56,Kliment,Bradmore,Male,52,kbradmorem2@examiner.com,262-518-0771
85b75807-2f0e-4d3e-b0a9-9b10a0ee5acb,Grete,Blannin,Female,48,gblanninm3@mapquest.com,681-678-9323
1a1a1629-2da7-401c-9fc0-f523b67d885f,Modestine,Boumphrey,Female,23,mboumphreym4@joomla.org,512-998-1451
05c09caf-b938-4fd0-aaed-761549b63169,Towny,Devita,Male,73,tdevitam5@spotify.com,260-329-9123
01a1609a-3630-4020-a7bb-9e48a10a2390,Wilbur,Kimberley,Male,71,wkimberleym6@foxnews.com,846-370-9988
762a00cc-bb72-45cb-a464-7ab1c2a91307,Trace,Gergher,Male,21,tgergherm7@moonfruit.com,165-674-3532
20e9ec56-2015-431a-8a29-9f71145cdb6a,Clay,Juster,Male,66,cjusterm8@yellowbook.com,257-440-8408
eaf1b30c-c5ec-4dfe-98e0-ad1d1d307619,Rivi,Lethley,Female,44,rlethleym9@liveinternet.ru,704-703-8644
6144e9d0-e759-497f-bcf5-b38125778299,Patric,Drioli,Male,45,pdriolima@homestead.com,415-593-3541
42a20cac-bd93-4543-a27d-b4cfa6e150cd,Kip,Keepe,Male,44,kkeepemb@ihg.com,948-266-8371
3b0cf019-b33f-4889-b48a-b2d07a3c6888,Mar,Pickerin,Male,29,mpickerinmc@washington.edu,424-425-2557
9e928c58-0c50-4bea-8c16-75475628d92b,Jeremias,Jozwiak,Male,70,jjozwiakmd@usatoday.com,275-290-5317
098f4bd2-ec2d-44b8-93c8-16f181336eb7,Kandy,Gammet,Female,41,kgammetme@hatena.ne.jp,123-587-3403
66755879-0cc1-419a-8217-07dea72c288b,Sylvia,Flanaghan,Female,57,sflanaghanmf@1und1.de,683-165-4354
7229fe52-5f9f-4345-8420-cc6c89df11df,Sherwynd,Ludy,Male,32,sludymg@hud.gov,242-542-6510
70f32d37-0a8f-4932-a963-4ea7cab9428e,Tamar,Klass,Female,32,tklassmh@springer.com,696-134-0594
0e4eeaf2-052e-4f29-b6c0-990fe347830a,Fonsie,Mellodey,Male,49,fmellodeymi@cbslocal.com,621-663-3237
c7b7d1c3-3e89-46af-8a92-7ef4bad4b5e2,Washington,Kitteridge,Male,18,wkitteridgemj@rakuten.co.jp,587-100-2103
db8c8498-166d-4c42-922e-597886a6e3fe,Elberta,Levecque,Female,50,elevecquemk@irs.gov,399-700-0208
e3473c69-f2d9-44d1-b23b-d29de1dfbfb7,Vic,Ridesdale,Male,51,vridesdaleml@livejournal.com,153-698-9466
5460d793-6122-4c78-8ebf-55df0becb9b7,Colman,Offen,Male,67,coffenmm@irs.gov,284-543-8242
f8bd31a9-ff94-46a6-bc9c-8c7bcbf2b511,Don,Culcheth,Male,33,dculchethmn@bloglovin.com,541-378-3674
9f72962c-e82d-4fe6-bf90-0571d6a80ff5,Korella,Dorgon,Female,47,kdorgonmo@soup.io,791-471-8779
1db09b3c-b009-4d49-8dcf-e693e6122013,Raye,Bunson,Female,51,rbunsonmp@flavors.me,177-379-7801
a96c916a-6ebd-49b8-a6e8-fced0c01a927,Vincenty,Bruniges,Male,54,vbrunigesmq@oakley.com,256-971-7411
0181a1da-371e-4a65-9a42-5ba55fad2216,Blondie,Bernardo,Female,69,bbernardomr@nhs.uk,181-676-9957
879c484a-5af0-4a8a-b9dc-49d870ee940f,Barri,McBayne,Male,44,bmcbaynems@msu.edu,626-583-1847
cd809de1-6911-4b37-8960-9778575d3cb4,Blancha,Wallwork,Female,79,bwallworkmt@prnewswire.com,954-897-4541
13848cf9-d838-4cd8-bcc6-d2200f705dd3,Guillema,Greasty,Female,65,ggreastymu@facebook.com,806-705-8045
a32dd5f0-1bb8-461a-a791-e44959e75dc4,Drud,Mincher,Male,33,dminchermv@jigsy.com,457-599-7409
d249e43c-f103-4341-bc02-1da1537ff938,Renault,Eddowes,Male,49,reddowesmw@gizmodo.com,398-634-3944
2a094621-32ea-4f86-b094-dbe1447ae8b4,Britt,Gherardesci,Male,25,bgherardescimx@constantcontact.com,810-853-6059
76a6c17a-4081-4b69-b885-0b14320817df,Mariann,Yorston,Female,60,myorstonmy@freewebs.com,296-928-9485
da0c8de5-835a-43c8-bc92-58f3a247502b,Cosetta,Carville,Female,69,ccarvillemz@bbb.org,394-376-6026
ade9330d-334c-493d-8293-3bc8a4b8ad73,Shelagh,Zanussii,Female,56,szanussiin0@gov.uk,970-542-6327
352675d8-3240-4869-acfc-7195b08d6bc3,Paton,Fossick,Male,68,pfossickn1@sogou.com,642-669-2068
34ddfcb1-f7f3-4474-a840-c31fb3c73633,Elfrida,Mobley,Female,67,emobleyn2@noaa.gov,899-166-5190
dfc24566-7357-4de3-9aa2-d545738330a3,Nana,Lowndes,Female,47,nlowndesn3@hc360.com,501-269-1699
78118590-aa94-418d-b6a0-a21d99ed7220,Hasheem,Nissle,Male,46,hnisslen4@paypal.com,143-436-8768
59b35dc2-34e6-498e-a4ad-2074302e85a9,Clemente,Bollon,Male,24,cbollonn5@bravesites.com,953-887-2194
37cf0469-c571-4be6-a9f0-5f36044a1337,Kip,Pietraszek,Male,52,kpietraszekn6@scribd.com,373-818-0345
06a90883-678a-4b57-a726-487db7dcfafb,Charmane,Dumphry,Female,57,cdumphryn7@stanford.edu,747-663-3649
e4e7f62f-5b2d-4e40-90f7-0164a7e66ba6,Pattie,McCunn,Male,70,pmccunnn8@wisc.edu,624-775-1526
98693d05-d8b5-4e3b-8546-5e92537d309a,Camila,Stendell,Female,78,cstendelln9@mozilla.org,489-263-3168
5f841d56-9fd7-4c0f-b349-d5562225cac4,Doralynn,Harnott,Female,32,dharnottna@skyrock.com,879-386-2743
468456d3-8cf4-43b0-8e43-3fa0c38f4fcf,Dicky,Camerana,Male,56,dcamerananb@businessweek.com,959-814-7554
5b8694f3-952f-4277-9c06-69b10ed81b42,Phillipe,Mellers,Male,57,pmellersnc@google.de,426-674-1931
9dd9f8fb-3b9b-40bd-b8df-41f0cf9792f8,Lori,Cowdry,Female,52,lcowdrynd@trellian.com,975-976-1901
ee7f6bb3-dbd6-45d7-99bb-1cc9083b57b8,Alonso,Goudy,Male,66,agoudyne@cbslocal.com,361-804-1871
f6279020-89cb-40cf-a48e-c2e447d748d6,Fee,Dinning,Male,67,fdinningnf@comsenz.com,242-687-3617
e24e2ebf-90a9-4128-b5d1-ed25e3d8407a,Linnie,Freeman,Female,28,lfreemanng@51.la,222-807-4933
a8452218-f20e-47a6-aeab-395bc50ddf28,Jackqueline,Domoney,Female,72,jdomoneynh@smugmug.com,451-606-5855
e31a79fe-8bdc-4b73-bd63-822a0373fb2d,Massimiliano,Croall,Male,53,mcroallni@geocities.jp,274-257-9372
6a3f26fa-21b5-4260-8799-5e3289fc082e,Mechelle,Abercrombie,Female,30,mabercrombienj@reverbnation.com,403-193-3731
4f38476a-9d2a-495e-9bff-7df41583f3dd,Kacey,Gherardini,Female,54,kgherardinink@amazon.co.jp,207-916-1558
e53e9c42-4a11-4c49-a921-58f5fa3a02a9,Cassius,McGookin,Male,56,cmcgookinnl@netlog.com,373-866-5663
eeccdb31-9df2-459d-a284-589cb10533a3,Bordie,Di Francecshi,Male,40,bdifrancecshinm@merriam-webster.com,490-757-7023
f6d4f7e4-3629-4536-a019-dfe6bc2a8b85,Jimmie,Ivie,Male,42,jivienn@bing.com,369-102-3209
cc5d27ef-375c-4062-9159-a070e50c1fab,Feliks,Scorey,Male,68,fscoreyno@apple.com,816-186-8837
875e426b-98b9-4268-b59b-39c739b41c7b,Tyrus,Gurg,Male,41,tgurgnp@jugem.jp,500-964-2029
1bf5bc4b-796c-4d32-aca9-d273e9fac2e3,Darrell,Levings,Male,48,dlevingsnq@cbsnews.com,297-398-7285
ed0a419a-bfbf-4466-ad41-6f8cb3fc963a,Clive,Cussen,Male,30,ccussennr@army.mil,777-689-5889
4f2b33d2-c50d-4845-ae16-496b0b932451,Christina,Dipple,Female,70,cdipplens@yolasite.com,725-915-0188
4d36d5da-ef94-4f1e-96f4-e816df3c988f,Matthieu,Capsey,Male,27,mcapseynt@dmoz.org,574-148-0906
343ae8be-7f74-47c6-8f34-899a9d683ae9,Martyn,Farebrother,Male,36,mfarebrothernu@netscape.com,922-576-1811
304ed55b-4cf2-49df-a70b-394c888f8015,Brittany,Keitch,Female,39,bkeitchnv@google.com.br,772-296-8987
4d8b7c20-67fa-4f34-9fa2-f88faa63b8ef,Hill,Jiricka,Male,69,hjirickanw@sciencedaily.com,957-108-9232
224a5a0c-bdf7-4f09-8daa-70f853fcfe58,Twyla,Cringle,Female,27,tcringlenx@xinhuanet.com,417-201-9188
f780929a-e36a-443f-b16c-1fd604bfcdd2,Merci,Daoust,Female,40,mdaoustny@europa.eu,125-393-1139
3a12eee9-0df1-454a-9e68-8e6253d2963a,Wang,Alleburton,Male,20,walleburtonnz@hatena.ne.jp,373-946-8274
6e077950-8462-4622-b623-f3ec003983c5,Leigha,Spoward,Female,24,lspowardo0@merriam-webster.com,463-126-8301
896a97b8-6dd1-404d-98ad-3777948aaeb0,Andrei,Gambrell,Female,25,agambrello1@360.cn,268-939-9236
4a2c96b9-70da-4a57-bd90-d5695979491d,Reba,Dundendale,Female,46,rdundendaleo2@forbes.com,142-260-3574
6b402a7e-f055-4301-83c7-0da23f55e629,Fanya,Bradbrook,Female,49,fbradbrooko3@clickbank.net,497-148-8682
af69cb93-1c6f-4ff3-b7ef-485878dfad23,Bunni,Ahrend,Female,61,bahrendo4@vimeo.com,771-685-9353
da7b212e-d632-4ea7-b513-bf15669ec2c4,Fidelio,Besnard,Male,23,fbesnardo5@oaic.gov.au,979-195-8323
e10490d3-59a6-4533-97a6-6d8d8a0f7132,Delinda,Pitherick,Female,24,dpithericko6@gizmodo.com,151-392-4852
b20c6596-023e-4d35-936e-1e3fc718715e,Dante,Duplan,Male,29,dduplano7@redcross.org,672-457-9746
43f530d4-d44e-4f25-818a-f09edfca16ec,Katine,Neller,Female,47,knellero8@twitpic.com,592-901-3464
af7495ff-72f9-4fff-9489-2ecf7b94708f,Bay,Barley,Male,56,bbarleyo9@rediff.com,882-480-9059
20453181-52be-4080-9f17-52844d183f2f,Sharlene,Beedham,Female,50,sbeedhamoa@gmpg.org,831-193-3969
bc347a15-c25b-43d5-ae47-5fb571badd1d,Rossie,Rozenbaum,Male,23,rrozenbaumob@weebly.com,582-151-3197
c8e01138-a302-4b43-9717-ddd2f91625dc,Tadd,Deer,Male,63,tdeeroc@buzzfeed.com,580-535-4153
f475fe94-f860-4f3c-81f4-581f464b7348,Rafa,Fenners,Female,47,rfennersod@blogs.com,576-240-0056
0a267bd3-c94c-44a4-a658-44993d4d0d6b,Siffre,Gircke,Male,64,sgirckeoe@simplemachines.org,324-926-5048
51f94d12-68f7-48ea-8237-9ccdc48e4328,Krystyna,Betser,Female,62,kbetserof@lycos.com,637-731-4098
921685fb-d7e4-41d6-b18a-9d1ed76a0d80,Libbi,Pidduck,Female,43,lpidduckog@wix.com,525-229-1586
ab1032d5-2d88-47d8-8cdc-dc2351272f33,Trumann,Shrigley,Male,41,tshrigleyoh@cdc.gov,858-403-7483
9b08b48b-d293-48e0-94d1-e1866af4fb4b,Gil,Braybrooks,Male,59,gbraybrooksoi@marriott.com,143-161-8122
86b31b86-9a3d-42e4-874a-3147cb9e547c,Lois,Rostern,Female,78,lrosternoj@patch.com,816-112-2522
7e90b561-fdba-4681-b4ca-a8a90e7d5a82,Ara,Paulon,Male,76,apaulonok@google.com,651-927-2991
d4e4c608-20bc-49f2-9e59-46f337d59903,Monroe,Burtenshaw,Male,67,mburtenshawol@biblegateway.com,163-654-7001
47e4bef6-328c-43df-bf7b-99607d6a11b6,Annadiana,Risen,Female,42,arisenom@wikimedia.org,250-435-5463
f1a7df62-32c3-43dc-88d7-78f8d30f983c,Tann,Hounsom,Male,19,thounsomon@ebay.com,378-438-6101
1bc86833-5ed8-4f85-b6e5-ce2e0786a7c7,Sandra,Meece,Female,18,smeeceoo@twitpic.com,788-583-0441
5d501b03-19d2-4898-b32f-465046745ecc,Valli,Swyndley,Female,25,vswyndleyop@sakura.ne.jp,780-767-0786
b3a41f4a-61f1-49c1-8cbb-1dcbf37c194e,Seamus,Larenson,Male,80,slarensonoq@ezinearticles.com,656-402-0345
e5f38937-646a-4c67-babb-2d1ea1dab26e,Weber,Brinkworth,Male,45,wbrinkworthor@jalbum.net,447-695-1295
c274080b-3b78-42b2-a692-3182f047e331,Silva,Rosenstengel,Female,60,srosenstengelos@shinystat.com,970-697-3720
84619009-ced8-4a93-963e-81bb8ebc1f95,Rene,Shovelton,Female,25,rshoveltonot@arstechnica.com,748-794-7127
f07f4c18-61c5-4ac2-8391-bbf20c17b069,Ralf,Shipman,Male,20,rshipmanou@latimes.com,907-528-2735
c405daaa-3588-49ef-9bbb-992a692952d7,Dahlia,Grishunin,Female,43,dgrishuninov@paypal.com,792-946-4379
17222061-6ac5-4e11-ae14-73fd6190dcb6,Titus,Ashcroft,Male,48,tashcroftow@goo.ne.jp,923-209-8285
46a755e5-8e01-4c40-a30f-2258d1fda9f9,Abel,Bugbee,Male,75,abugbeeox@blogtalkradio.com,998-884-5490
7a2a020b-6e6b-40b0-9179-09a7a8696f6c,Alfy,Chatenet,Male,44,achatenetoy@shareasale.com,164-965-6778
af36c585-c5d4-4e74-91d9-9ae000e92d40,Alva,Hassell,Male,40,ahasselloz@dailymail.co.uk,570-106-3294
86ce5aaa-3cab-4520-9707-0388e1620442,Lorettalorna,Cloute,Female,36,lcloutep0@nytimes.com,692-441-6177
03772b82-857e-4db3-9bd8-be8aa9906314,Jethro,Cominetti,Male,62,jcominettip1@geocities.com,233-838-6643
1b2f3a2c-0faf-48c1-819e-18159d850c9a,Tammy,Toffel,Female,35,ttoffelp2@abc.net.au,247-474-4573
dbe55936-b351-4cf3-86ec-e186edf556be,Doroteya,Whymark,Female,29,dwhymarkp3@tumblr.com,234-662-7283
cd1b2de4-662d-4f95-bebe-cb9c2884d9f8,Dani,Klementz,Male,61,dklementzp4@github.com,135-586-2811
9dce4080-03bb-47da-8bfc-435574ace001,Ofella,Mapletoft,Female,72,omapletoftp5@imageshack.us,527-361-1880
c976ecf0-cf44-4f27-a4ac-521ec4dd1018,Vasili,Buttrum,Male,45,vbuttrump6@marriott.com,321-409-2613
953aafaa-c00b-4074-8aef-0aab1098c3ef,Constancia,Bard,Female,55,cbardp7@taobao.com,462-599-0693
6a6e5a7b-5cec-4912-b263-1578029a1689,Kasey,Broader,Female,78,kbroaderp8@springer.com,894-480-4292
68e07902-52cc-47fa-ac44-42e38afb96f5,Tomkin,Pettegree,Male,45,tpettegreep9@cisco.com,559-911-4272
05d39bea-6b18-42a8-95e1-1df2fd05e1d7,Cecil,Bowdery,Female,29,cbowderypa@vimeo.com,806-726-8586
abfd2885-acd6-456c-a86a-5805e54dc546,Jard,Pencott,Male,40,jpencottpb@yahoo.co.jp,472-695-4582
96e6d2c8-04d8-4d28-8c78-622a967364b1,Adrien,Netti,Male,42,anettipc@hc360.com,238-679-4708
66b2e97e-3f76-4bfd-90cb-c22acc5248fd,Clay,Wasselin,Male,50,cwasselinpd@google.es,553-652-4475
1ecf690c-26f1-414c-a3b2-03601ca16709,Towney,Jon,Male,25,tjonpe@samsung.com,288-470-5602
00be5a95-449d-4ad2-ad0f-8234b67b5df6,Maren,Baglow,Female,59,mbaglowpf@sciencedirect.com,833-640-0332
ef42d1ce-eb07-4a16-90bc-1c282d9ca2ca,Arie,De Filippis,Male,73,adefilippispg@ycombinator.com,814-314-5325
14dda712-5a76-4a71-9d43-9033a0a98ef5,Corbie,Parkinson,Male,45,cparkinsonph@cnet.com,664-339-4918
e215cfcf-f01b-4453-adbf-3a4f388ec699,Fremont,Lamba,Male,20,flambapi@washingtonpost.com,130-229-7179
902717aa-5759-42a5-a784-18d8f6b4ae35,Janis,Quayle,Female,55,jquaylepj@linkedin.com,766-530-1329
d13c4f16-9a8f-4222-a2de-1a4630ece711,Desiri,Dominique,Female,40,ddominiquepk@oracle.com,400-966-9204
4c79c828-6b56-48f3-8595-b7d999ee3465,Doyle,Stritton,Male,66,dstrittonpl@alibaba.com,852-642-1095
77c46e74-2d71-4e50-addc-9dabac274bdf,Luella,Muckart,Female,43,lmuckartpm@amazon.com,425-354-0421
862e101f-6550-4524-b61f-f33ba0489962,Marge,Kubik,Female,73,mkubikpn@apache.org,757-788-7181
b30d9ae2-0086-4262-9c00-927100615cf9,Loralee,Caughte,Female,80,lcaughtepo@opera.com,213-304-8326
9edd9065-36ac-4f33-b8d4-128786e8fe90,Joyce,Norwell,Female,68,jnorwellpp@bandcamp.com,743-302-0102
71fb8a01-037d-4a98-809d-9c1f17ff320e,Alec,Crutch,Male,20,acrutchpq@gnu.org,780-487-8119
a469cfe3-7e9f-4086-b163-84c416d91f73,Wynne,Ollenbuttel,Female,55,wollenbuttelpr@miitbeian.gov.cn,692-553-6019
1f3adb99-5096-4a67-84be-0ab3f4c08a23,Tye,Vandenhoff,Male,35,tvandenhoffps@rakuten.co.jp,907-689-2138
fe8f6b4d-a23d-424c-9c07-28b9fd16170d,Simmonds,Upfold,Male,34,supfoldpt@ed.gov,687-850-3770
90307b36-3390-4cde-b172-340c5b1e69a1,Prudi,Stutt,Female,52,pstuttpu@mail.ru,678-144-6994
293de169-477b-4641-a1ba-1774db738dee,Dyan,Saban,Female,29,dsabanpv@irs.gov,859-809-4010
a438097d-d857-4a5f-a58a-f4644d547e54,Doralin,Maben,Female,24,dmabenpw@blogspot.com,433-447-7798
d0131bb7-49f4-4b62-b124-9fa13debc2d7,Merle,Pendlenton,Male,62,mpendlentonpx@upenn.edu,382-266-8231
6fe1de55-ed32-4640-8d8a-e7ea48349140,Dorolisa,Nassey,Female,51,dnasseypy@macromedia.com,114-396-2301
efbb464f-e42b-4fa7-8d86-7571fe030086,Marmaduke,Poynser,Male,30,mpoynserpz@t.co,522-934-0749
fa7d2faa-d7c5-46c5-adb2-916dec4af788,Addy,Acarson,Male,49,aacarsonq0@example.com,438-972-2889
ec914c34-9b99-4414-9178-b7b901f969bc,Mavra,Robinette,Female,68,mrobinetteq1@drupal.org,721-965-4836
70a945fe-d3a2-4f31-a455-8b649e2d2b43,Sawyere,Edmonson,Male,63,sedmonsonq2@si.edu,230-102-7635
e86a83d9-1428-4b4c-97e2-0ea4ed763de8,Hashim,Fraulo,Male,26,hfrauloq3@pagesperso-orange.fr,901-130-9589
c014a03d-1b6f-4c8e-8494-f5acc68805dc,Eberhard,Bull,Male,28,ebullq4@sbwire.com,981-389-9230
5703c2d4-17d5-4a1c-9114-cc4c6aa479c5,Francine,Scahill,Female,34,fscahillq5@comcast.net,103-417-0925
31c14961-f60b-4eee-8678-f31e9fcf6e7f,Velma,Flaonier,Female,29,vflaonierq6@ask.com,969-924-1683
aad46eb0-3fb2-4231-b5a8-18813cc6eaf7,Jereme,Dobney,Male,36,jdobneyq7@ycombinator.com,985-252-4943
a2301560-0e68-437a-af18-8a172b290b49,Gwenneth,Cownden,Female,65,gcowndenq8@dell.com,226-529-1995
3575f19d-44cb-47f1-89ed-c85a77962a2e,Meg,Gammade,Female,19,mgammadeq9@over-blog.com,661-660-6412
726c7b1a-cbdc-4b39-9abc-3f57974c9a96,Nicolai,Brimming,Male,32,nbrimmingqa@sciencedaily.com,225-148-6448
6d714580-46b2-4495-b77e-a3ed558b1608,Cristabel,Boyle,Female,32,cboyleqb@yandex.ru,240-627-6524
d96add38-4fef-41e7-ae80-e26a5212e6e1,Elihu,Chinery,Male,79,echineryqc@admin.ch,906-710-3336
f27d7bc9-928a-4f04-ad72-9dcd7e714d60,Ugo,Clifft,Male,77,uclifftqd@scribd.com,451-774-8449
558c3155-1020-48fc-8c77-e59c5672f04d,Marian,Monni,Female,31,mmonniqe@squidoo.com,908-100-2467
241d00b9-5a0d-4587-9735-46e68f657e5d,Larissa,MacDaid,Female,38,lmacdaidqf@ca.gov,701-982-8452
bb352237-e635-4576-ad4d-cf102fa2a398,Susanne,Collard,Female,29,scollardqg@dailymotion.com,116-532-0726
76f48730-0bae-46da-aea2-8f254148939d,Kliment,Pummery,Male,62,kpummeryqh@rambler.ru,624-107-0906
63fa3ecb-4461-4745-acc6-1f6a3839b25a,Halie,Samples,Female,59,hsamplesqi@google.ca,522-762-9051
81a5d055-c369-410a-93fe-86af1f184375,Jinny,Cartwright,Female,76,jcartwrightqj@w3.org,791-473-8653
5610e2b0-ccd6-444f-ba37-e863a66a10bf,Aurea,Fenby,Female,64,afenbyqk@blinklist.com,576-829-7487
3528e5ff-c636-43bb-b325-f2c737221171,Ben,Hambleton,Male,76,bhambletonql@wikipedia.org,942-777-4524
45849a4e-bce1-48c8-a9e0-196f7e7264fb,Babb,Bonnett,Female,37,bbonnettqm@ning.com,889-858-4473
4bfc3750-da9c-45af-b03d-6d1dcc6aae9c,Costanza,Dunbobin,Female,39,cdunbobinqn@tiny.cc,410-124-1226
9499f405-9a6f-4ddf-b315-55e325a89e69,Gerick,McKernon,Male,65,gmckernonqo@si.edu,391-185-1551
85e01aef-25f5-4fca-8d50-c2094cbccf17,Sherlocke,Mazzia,Male,74,smazziaqp@amazon.com,758-668-3710
23893d4d-36dd-440c-bdfd-a6bafa906a67,Carol-jean,Davoren,Female,35,cdavorenqq@uiuc.edu,621-738-2718
ee6ee7af-dc8a-453a-9fba-a6c47cdc0a0a,Shermy,Bolzen,Male,45,sbolzenqr@ask.com,931-698-3631
f70c976a-f4aa-4137-85b5-4c97c0072f52,Annelise,Menzies,Female,22,amenziesqs@accuweather.com,434-949-5824
3ccc7200-2bf6-484f-abce-3726d5359c48,Sigvard,Aird,Male,61,sairdqt@yahoo.co.jp,155-223-4068
1498d660-d681-4b0c-a7de-f960a4e8f414,Zita,Gillie,Female,61,zgilliequ@squarespace.com,656-812-8109
3d785dbf-4fc4-4d09-861b-d47a65a99688,Vania,Witter,Female,77,vwitterqv@nhs.uk,533-390-7174
0f72d243-49a2-47c3-a754-9bd04a08ffdd,Marabel,Moreno,Female,76,mmorenoqw@cam.ac.uk,453-160-0381
b5fea620-bf2b-418a-8ad3-462f1a300b90,Sukey,Domokos,Female,55,sdomokosqx@google.com.br,634-490-4651
93e95c47-8d62-4f2e-baf4-38f74e15bff8,Wright,Paff,Male,71,wpaffqy@people.com.cn,685-376-0456
1630eaa1-d50f-48de-9ea0-45af1c47b5ad,Samuel,Harbert,Male,65,sharbertqz@sourceforge.net,720-548-3412
c56c3aaf-26e2-4d19-8609-73964efe33aa,Rivy,Cliss,Female,40,rclissr0@jimdo.com,404-195-9715
7e32e0d0-9481-4b96-b983-f6cc8800879a,Ollie,Lotterington,Female,44,olotteringtonr1@psu.edu,295-577-1413
c4ce21ce-cf48-4fd8-bdef-a6f927f93ab5,Julie,Aubin,Male,71,jaubinr2@ycombinator.com,309-850-6835
af5b9986-b902-49c0-91b6-817a5adbd216,Marion,Herkess,Male,75,mherkessr3@fema.gov,918-240-7426
c1fed504-2ca1-43fb-88dc-17c8f6d564dc,Bobby,Hartfield,Female,21,bhartfieldr4@t-online.de,317-482-9578
13c85528-a74a-4a85-a22c-c2410e451ccb,Nara,Broxholme,Female,50,nbroxholmer5@dailymail.co.uk,519-937-5972
a069ed7d-1153-4f5f-a93d-8160b8137303,Jan,Strainge,Male,69,jstrainger6@earthlink.net,861-513-9771
34508c0c-014b-4824-b121-b605f34fb6ec,Dana,Grigoriscu,Male,67,dgrigoriscur7@time.com,546-703-7946
34250e72-58ac-4021-83ae-5a46dfb61271,Bing,Loft,Male,60,bloftr8@acquirethisname.com,388-662-1938
3c6c4a6a-acf1-4fa6-8698-453f22119979,Wallache,Vasechkin,Male,22,wvasechkinr9@google.co.jp,269-837-1402
34a2ed07-5cd3-4c43-ab6d-39753d88ae4a,Hildagarde,Larchiere,Female,18,hlarchierera@skyrock.com,488-701-7369
6f3702b4-5b6c-4586-a76e-18f277787062,Luca,Creeghan,Male,31,lcreeghanrb@jimdo.com,269-434-0537
118ed981-98d3-429d-84ca-13717778e289,Elroy,Charity,Male,47,echarityrc@wired.com,302-207-9683
ca54e7b2-15fb-4554-9ed3-b9d0f75e95d5,Xena,Exeter,Female,44,xexeterrd@homestead.com,557-290-8619
202767c0-dfc6-45d3-b94a-50d6470b2f8b,Ase,Yerrell,Male,47,ayerrellre@wunderground.com,725-549-7838
28df93fb-c12e-448c-868e-e9b41c062521,Deanna,Sibray,Female,43,dsibrayrf@over-blog.com,468-955-9113
0656ede2-870c-400f-b7c7-257b714204d5,Rockwell,Stronack,Male,75,rstronackrg@barnesandnoble.com,153-374-2761
80883bd3-6710-4d0f-aa93-601f192c7520,Harley,Delgaty,Female,24,hdelgatyrh@washington.edu,968-753-7379
e121aa08-d0f1-4aff-9698-b21d4cbcd8c8,Tate,Lorenzo,Male,75,tlorenzori@com.com,412-104-8521
fe516f37-0875-4f41-8171-34c8834446fd,Jabez,Dunne,Male,70,jdunnerj@sciencedirect.com,977-503-7540
183619fa-5f51-4a7a-a045-fd2e9cec6741,Armand,Alennikov,Male,77,aalennikovrk@nydailynews.com,797-674-4577
6ec0429e-452f-4190-a1e3-88766bd7bd90,Calla,Whyler,Female,42,cwhylerrl@fastcompany.com,952-873-9725
2f3c7299-8346-4866-85eb-2688ed42b0b3,Thatcher,Dubique,Male,50,tdubiquerm@cdbaby.com,551-153-6500
02503aa5-d8db-47a4-8bfa-0a0c143facd4,Raymond,Tyhurst,Male,80,rtyhurstrn@istockphoto.com,812-802-6968
411dd5a1-e829-4093-8b24-d14ab7756f61,Grantham,Scorrer,Male,35,gscorrerro@yahoo.co.jp,837-583-3238
b3ba690a-6fe8-4d03-9ccc-79119d1d4b61,Maggi,Vaune,Female,55,mvaunerp@creativecommons.org,435-973-0611
4d0bbd42-8345-4ea4-bc30-dc1f9ac32c94,Martelle,Itscowicz,Female,62,mitscowiczrq@blinklist.com,625-707-4741
da8c5626-94fc-4c5c-b5b2-a8fe3ad40201,Lenna,Denacamp,Female,43,ldenacamprr@bluehost.com,132-915-1413
